seed,layer,projection,kv_head,source_position,sign,linear_effect_full,taylor_error_slope,smallest_relative_error,smallest_absolute_error,small_epsilon_sign_agreement
42,0,k_proj,0,1,-1,-6.346157406718507e-05,0.1302673432147557,0.05042729590251905,3.37014276012408e-09,True
42,0,k_proj,0,1,1,-6.346157406718507e-05,-0.19659104599643476,0.044045567170026174,2.6772787617578994e-09,True
42,0,k_proj,0,3,-1,1.9224265073340625e-05,0.044931634784560304,0.6504789723193529,7.57657649580878e-09,True
42,0,k_proj,0,3,1,1.9224265073340625e-05,0.0623046927680683,0.2769641070872195,7.3639932161543346e-09,True
42,0,k_proj,0,5,-1,4.285707255995391e-05,-0.2607481143162307,0.025894848079799793,1.1392788354494578e-09,True
42,0,k_proj,0,5,1,4.285707255995391e-05,0.12436993667807385,0.0452868832802971,2.0329282260481187e-09,True
42,0,k_proj,1,1,-1,0.00035048065495576586,1.0786611166081033,0.013781971199583751,4.764648050404784e-09,True
42,0,k_proj,1,1,1,0.00035048065495576586,0.5638171230543029,0.006056541790041555,2.109921903160515e-09,True
42,0,k_proj,1,3,-1,-6.188971742129596e-07,0.0680808405847595,0.878096526957089,4.45804738498842e-09,True
42,0,k_proj,1,3,1,-6.188971742129596e-07,0.4886872708942996,1.131907783372087,5.310789937410773e-09,False
42,0,k_proj,1,5,-1,-0.0002677552295884464,0.8613671314036437,0.011296229126580248,2.9908392181818452e-09,True
42,0,k_proj,1,5,1,-0.0002677552295884464,0.13238980413069967,0.06798846423749726,1.7045377792796762e-08,True
42,0,v_proj,0,1,-1,-0.005959025728101353,1.9226813988124887,0.0005721676252658552,3.4076118745517952e-09,True
42,0,v_proj,0,1,1,-0.005959025728101353,2.153030060728999,0.00036303326248320733,2.1641101952785696e-09,True
42,0,v_proj,0,3,-1,0.013697120190108821,2.178504353520229,0.00021095708897751818,2.890114292778564e-09,True
42,0,v_proj,0,3,1,0.013697120190108821,2.4019322352097445,9.523254075221486e-05,1.3045357909503976e-09,True
42,0,v_proj,0,5,-1,-0.013698414232296997,1.9945377886071634,0.00029085252902864226,3.985377580293891e-09,True
42,0,v_proj,0,5,1,-0.013698414232296997,2.5451128004113412,0.00017361598927496366,2.377850905501178e-09,True
42,0,v_proj,1,1,-1,-0.015397116886703777,2.023197058697962,0.0001260662230261201,1.940811700597739e-09,True
42,0,v_proj,1,1,1,-0.015397116886703777,2.0013846895609935,9.55071299138659e-05,1.4703940096856885e-09,True
42,0,v_proj,1,3,-1,0.012578794518560716,2.0624618149755074,6.016150113358859e-05,7.567136356593189e-10,True
42,0,v_proj,1,3,1,0.012578794518560716,1.9431633049483965,9.720876409547978e-05,1.2226502166438018e-09,True
42,0,v_proj,1,5,-1,0.020234815909033928,1.936727057898662,4.220433630962083e-05,8.540330196849162e-10,True
42,0,v_proj,1,5,1,0.020234815909033928,2.2241604975573366,6.201537945609551e-05,1.2549476128753873e-09,True
123,0,k_proj,0,1,-1,-0.00010674913791571528,0.12512268665272475,0.1470492820695822,1.8403623752308412e-08,True
123,0,k_proj,0,1,1,-0.00010674913791571528,0.18448494195170193,0.07233730582583894,7.20104112213727e-09,True
123,0,k_proj,0,3,-1,-0.00016164735888967618,0.06930480499553826,0.05139362778263397,8.757736020055146e-09,True
123,0,k_proj,0,3,1,-0.00016164735888967618,0.09810387412660634,0.056554490783768,9.689890914994398e-09,True
123,0,k_proj,0,5,-1,1.1944417510353414e-05,0.5571746942635982,6.976283565312068,1.3943053850115131e-08,False
123,0,k_proj,0,5,1,1.1944417510353414e-05,-0.5976245592154896,0.47587662559176735,1.0844906709043197e-08,True
123,0,k_proj,1,1,-1,-0.00022800526351263216,0.7350482178413394,0.01775930259692409,4.122425876995198e-09,True
123,0,k_proj,1,1,1,-0.00022800526351263216,0.4268734708737288,0.061696173781696256,1.3249602577647831e-08,True
123,0,k_proj,1,3,-1,3.995887119885518e-05,-1.2578042712901145,0.5202756812183994,1.3674907249086008e-08,True
123,0,k_proj,1,3,1,3.995887119885518e-05,0.25540912284284994,0.3216956997555223,1.8951077012372455e-08,True
123,0,k_proj,1,5,-1,-3.0888263155237936e-05,0.39166957786104856,0.14029994972454704,5.040853221271702e-09,True
123,0,k_proj,1,5,1,-3.0888263155237936e-05,-0.200052121767256,0.30911043214031086,1.3819696831662532e-08,True
123,0,v_proj,0,1,-1,-0.022164678676539366,1.9378774816614956,0.00015272032535535514,3.3844800599820756e-09,True
123,0,v_proj,0,1,1,-0.022164678676539366,2.35771392316172,0.0005239694232350117,1.1607531910535351e-08,True
123,0,v_proj,0,3,-1,0.01179747956574297,0.7903558632899497,0.0008733543527655664,1.0294389480542551e-08,True
123,0,v_proj,0,3,1,0.01179747956574297,1.1958559093346584,0.0013980702486534058,1.6516796832215922e-08,True
123,0,v_proj,0,5,-1,0.0021167487829975734,1.3816613732479524,0.006246360872642712,1.313990021674581e-08,True
123,0,v_proj,0,5,1,0.0021167487829975734,1.308258526298389,0.0014485554713122004,3.061792854213581e-09,True
123,0,v_proj,1,1,-1,-0.03454963985300885,2.0070424951505768,0.00040309967388300335,1.39213368711703e-08,True
123,0,v_proj,1,1,1,-0.03454963985300885,2.0196655036879503,0.0003347558803531478,1.1561824716066862e-08,True
123,0,v_proj,1,3,-1,-0.006982929636778701,0.5790120656864709,0.0001948642792699977,1.3604584461094106e-09,True
123,0,v_proj,1,3,1,-0.006982929636778701,0.7328948489366792,0.0008630763160444499,6.0216040822405915e-09,True
123,0,v_proj,1,5,-1,-0.012795700199687957,1.2867106191792534,0.0001548014712047507,1.981099893184687e-09,True
123,0,v_proj,1,5,1,-0.012795700199687957,1.383217083040016,0.00026320252939116006,3.3687473207045317e-09,True
999,0,k_proj,0,1,-1,3.1784187154496456e-05,-1.0509338311044454,0.2313800130100106,5.97234449123726e-09,True
999,0,k_proj,0,1,1,3.1784187154496456e-05,0.6122896194653188,0.3700407316348383,8.584740290921013e-09,True
999,0,k_proj,0,3,-1,-1.497604916766881e-06,0.22482911978409278,1.13049674266492,1.2973791112558152e-08,False
999,0,k_proj,0,3,1,-1.497604916766881e-06,-0.04034802478934166,0.8032410596635773,6.113764173787495e-09,False
999,0,k_proj,0,5,-1,-5.762221943114194e-05,0.5286085715733918,0.06650665731418709,4.1052903391510086e-09,True
999,0,k_proj,0,5,1,-5.762221943114194e-05,0.09708939460555226,0.10207682014652977,6.550552498573876e-09,True
999,0,k_proj,1,1,-1,4.466549487628751e-06,-0.005656022285671876,0.5576481328700954,5.630727859947288e-09,True
999,0,k_proj,1,1,1,4.466549487628751e-06,0.5702254878761469,0.1567929032487013,8.30547162574308e-10,True
999,0,k_proj,1,3,-1,9.404341197394693e-05,0.08456747610862346,0.15322156724420516,1.2494978745562483e-08,True
999,0,k_proj,1,3,1,9.404341197394693e-05,-0.18182500072350252,0.03493640437226907,3.4044789215498324e-09,True
999,0,k_proj,1,5,-1,-2.8706279247041712e-05,-0.29261916988214653,0.14508429542134665,4.871626847442364e-09,True
999,0,k_proj,1,5,1,-2.8706279247041712e-05,-0.4482549235390267,0.27642062273345347,1.0966326342527374e-08,True
999,0,v_proj,0,1,-1,0.009150363032703392,1.8735543385427764,0.00023238212287674345,2.1268750343680703e-09,True
999,0,v_proj,0,1,1,0.009150363032703392,2.027484002372281,0.0018502018777448194,1.6898752761064528e-08,True
999,0,v_proj,0,3,-1,-0.015086394920930307,2.3471500276282615,0.0003522361787523075,5.312102983240756e-09,True
999,0,v_proj,0,3,1,-0.015086394920930307,1.946767244918466,0.00029800102553970495,4.497101298933266e-09,True
999,0,v_proj,0,5,-1,-0.0032453128048155226,1.462928072397483,0.00042144093029137413,1.368284298555649e-09,True
999,0,v_proj,0,5,1,-0.0032453128048155226,1.5558680260152011,0.002027830547951964,6.59431659990875e-09,True
999,0,v_proj,1,1,-1,-0.004031172675690054,1.9232215567848019,0.0019899952748055768,8.038010178823259e-09,True
999,0,v_proj,1,1,1,-0.004031172675690054,1.9480774894143102,0.001898159775351874,7.66636180008466e-09,True
999,0,v_proj,1,3,-1,-0.0065495442778815355,1.4198838233631432,0.0014802108729227185,9.680377652553715e-09,True
999,0,v_proj,1,3,1,-0.0065495442778815355,2.018471700560903,0.0005227129658947501,3.421743125252916e-09,True
999,0,v_proj,1,5,-1,0.009975384634827802,2.215796702729646,0.00010876329390247059,1.0848377003063305e-09,True
999,0,v_proj,1,5,1,0.009975384634827802,1.7523504944456347,0.0007078846816553973,7.056426840147857e-09,True
