seed,projection,kv_head,source_position,sign,epsilon,linear_effect_full,meaningful_signal,predicted_delta,exact_delta,absolute_error,relative_error,sign_agreement
42,k_proj,0,1,-1,0.3,-6.34615769805312e-05,False,1.903847309415936e-05,1.9055151058947062e-05,1.6677964787701135e-08,0.0008752470518920524,True
42,k_proj,0,1,-1,0.1,-6.34615769805312e-05,False,6.346157698053121e-06,6.357050645180995e-06,1.0892947127874139e-08,0.001713522156085324,True
42,k_proj,0,1,-1,0.03,-6.34615769805312e-05,False,1.903847309415936e-06,1.912454617114534e-06,8.607307698597988e-09,0.004500659843936317,True
42,k_proj,0,1,-1,0.01,-6.34615769805312e-05,False,6.346157698053121e-07,6.45409942143238e-07,1.0794172337925911e-08,0.016724521320637363,True
42,k_proj,0,1,-1,0.003,-6.34615769805312e-05,False,1.903847309415936e-07,1.9308898104031247e-07,2.7042500987188603e-09,0.014005201561213253,True
42,k_proj,0,1,1,0.3,-6.34615769805312e-05,False,-1.903847309415936e-05,-1.9012192561743135e-05,2.628053241622539e-08,0.0013822988764119616,True
42,k_proj,0,1,1,0.1,-6.34615769805312e-05,False,-6.346157698053121e-06,-6.33310321358771e-06,1.3054484465411135e-08,0.002061309286323119,True
42,k_proj,0,1,1,0.03,-6.34615769805312e-05,False,-1.903847309415936e-06,-1.9023755022523625e-06,1.4718071635735132e-09,0.000773668059660636,True
42,k_proj,0,1,1,0.01,-6.34615769805312e-05,False,-6.346157698053121e-07,-6.285497577279697e-07,6.0660120773423535e-09,0.009650806483911915,True
42,k_proj,0,1,1,0.003,-6.34615769805312e-05,False,-1.903847309415936e-07,-1.851970664740188e-07,5.187664467574818e-09,0.028011590930370343,True
42,k_proj,0,3,-1,0.3,1.9224264234054993e-05,False,-5.767279270216498e-06,-5.783984733304104e-06,1.670546308760629e-08,0.0028882273826582676,True
42,k_proj,0,3,-1,0.1,1.9224264234054993e-05,False,-1.9224264234054995e-06,-1.919508092820821e-06,2.9183305846786856e-09,0.0015203533632359117,True
42,k_proj,0,3,-1,0.03,1.9224264234054993e-05,False,-5.767279270216497e-07,-5.698766635947594e-07,6.851263426890326e-09,0.012022361792590044,True
42,k_proj,0,3,-1,0.01,1.9224264234054993e-05,False,-1.9224264234054995e-07,-1.9475889301290294e-07,2.5162506723529965e-09,0.012919824267979859,True
42,k_proj,0,3,-1,0.003,1.9224264234054993e-05,False,-5.767279270216498e-08,-5.577039899340441e-08,1.902393708760565e-09,0.03411117264887325,True
42,k_proj,0,3,1,0.3,1.9224264234054993e-05,False,5.767279270216498e-06,5.747203457473482e-06,2.007581274301556e-08,0.0034931446035566405,True
42,k_proj,0,3,1,0.1,1.9224264234054993e-05,False,1.9224264234054995e-06,1.922299615042533e-06,1.2680836296637973e-10,6.596701262075316e-05,True
42,k_proj,0,3,1,0.03,1.9224264234054993e-05,False,5.767279270216497e-07,5.849781468808546e-07,8.250219859204849e-09,0.01410346677597379,True
42,k_proj,0,3,1,0.01,1.9224264234054993e-05,False,1.9224264234054995e-07,1.8984946689726279e-07,2.393175443287162e-09,0.012605647423715081,True
42,k_proj,0,3,1,0.003,1.9224264234054993e-05,False,5.767279270216498e-08,6.45090320605668e-08,6.8362393584018176e-09,0.10597336745005491,True
42,k_proj,0,5,-1,0.3,4.285707887656898e-05,False,-1.2857123662970693e-05,-1.2810230092738517e-05,4.6893570232175647e-08,0.003660634500137299,True
42,k_proj,0,5,-1,0.1,4.285707887656898e-05,False,-4.2857078876568984e-06,-4.276325512489465e-06,9.382375167433408e-09,0.0021940273583082436,True
42,k_proj,0,5,-1,0.03,4.285707887656898e-05,False,-1.2857123662970693e-06,-1.2763877648702682e-06,9.324601426801103e-09,0.007305461305286684,True
42,k_proj,0,5,-1,0.01,4.285707887656898e-05,False,-4.285707887656898e-07,-4.204066214735791e-07,8.16416729211071e-09,0.019419692447978715,True
42,k_proj,0,5,-1,0.003,4.285707887656898e-05,False,-1.2857123662970693e-07,-1.2090093497174603e-07,7.670301657960895e-09,0.06344286468713752,True
42,k_proj,0,5,1,0.3,4.285707887656898e-05,False,1.2857123662970693e-05,1.2895682560992716e-05,3.855889802202341e-08,0.002990062591852069,True
42,k_proj,0,5,1,0.1,4.285707887656898e-05,False,4.2857078876568984e-06,4.29809520145763e-06,1.2387313800731705e-08,0.0028820473302989535,True
42,k_proj,0,5,1,0.03,4.285707887656898e-05,False,1.2857123662970693e-06,1.2947659858569827e-06,9.053619559913386e-09,0.0069924755969867055,True
42,k_proj,0,5,1,0.01,4.285707887656898e-05,False,4.285707887656898e-07,4.3495723055231306e-07,6.386441786623246e-09,0.014682919004504599,True
42,k_proj,0,5,1,0.003,4.285707887656898e-05,False,1.2857123662970693e-07,1.3818112769292679e-07,9.609891063219859e-09,0.06954561178987809,True
42,k_proj,1,1,-1,0.3,0.00035048060201927874,True,-0.00010514418060578362,-0.00010481561286745933,3.2856773832429015e-07,0.0031347213390792096,True
42,k_proj,1,1,-1,0.1,0.00035048060201927874,True,-3.5048060201927875e-05,-3.50034773438368e-05,4.458285809107789e-08,0.0012736694029894082,True
42,k_proj,1,1,-1,0.03,0.00035048060201927874,True,-1.0514418060578361e-05,-1.0498965414190709e-05,1.545264638765274e-08,0.001471825630244147,True
42,k_proj,1,1,-1,0.01,0.00035048060201927874,True,-3.5048060201927874e-06,-3.494953663557565e-06,9.85235663522227e-09,0.0028190235361213374,True
42,k_proj,1,1,-1,0.003,0.00035048060201927874,True,-1.0514418060578363e-06,-1.047777994478416e-06,3.663811579420274e-09,0.003496744156422296,True
42,k_proj,1,1,1,0.3,0.00035048060201927874,True,0.00010514418060578362,0.00010547097974351882,3.2679913773520314e-07,0.0030984744669093197,True
42,k_proj,1,1,1,0.1,0.00035048060201927874,True,3.5048060201927875e-05,3.5097821331112056e-05,4.976112918418039e-08,0.0014177839904857632,True
42,k_proj,1,1,1,0.03,0.00035048060201927874,True,1.0514418060578361e-05,1.0523482967553233e-05,9.064906974871407e-09,0.0008613979803854851,True
42,k_proj,1,1,1,0.01,0.00035048060201927874,True,3.5048060201927874e-06,3.5158457803857734e-06,1.1039760192986082e-08,0.003140001263586355,True
42,k_proj,1,1,1,0.003,0.00035048060201927874,True,1.0514418060578363e-06,1.0656101041839339e-06,1.4168298126097577e-08,0.013295949494536701,True
42,k_proj,1,3,-1,0.3,-6.189044390532867e-07,False,1.85671331715986e-07,3.0939533697538213e-07,1.2372400525939613e-07,0.3998896895761573,True
42,k_proj,1,3,-1,0.1,-6.189044390532867e-07,False,6.189044390532867e-08,7.795269403587657e-08,1.6062250130547903e-08,0.20605125107229125,True
42,k_proj,1,3,-1,0.03,-6.189044390532867e-07,False,1.8567133171598598e-08,3.160546119262975e-08,1.3038328021031149e-08,0.4125340219389562,True
42,k_proj,1,3,-1,0.01,-6.189044390532867e-07,False,6.189044390532867e-09,1.891808193432709e-08,1.2729037543794225e-08,0.6728503231977884,True
42,k_proj,1,3,-1,0.003,-6.189044390532867e-07,False,1.85671331715986e-09,9.824757257748118e-09,7.968043940588258e-09,0.8110168761985854,True
42,k_proj,1,3,1,0.3,-6.189044390532867e-07,False,-1.85671331715986e-07,-6.57778033846812e-08,1.198935283313048e-07,1.8227049576305319,True
42,k_proj,1,3,1,0.1,-6.189044390532867e-07,False,-6.189044390532867e-08,-3.7158543950144285e-08,2.473189995518438e-08,0.6655777467590559,True
42,k_proj,1,3,1,0.03,-6.189044390532867e-07,False,-1.8567133171598598e-08,-1.3900163561841872e-08,4.666969609756726e-09,0.33574925856040205,True
42,k_proj,1,3,1,0.01,-6.189044390532867e-07,False,-6.189044390532867e-09,-7.797588269520261e-10,5.4092855635808406e-09,6.9371264250063325,True
42,k_proj,1,3,1,0.003,-6.189044390532867e-07,False,-1.85671331715986e-09,2.86684238848256e-09,4.72355570564242e-09,1.6476509921226021,False
42,k_proj,1,5,-1,0.3,-0.0002677552249763901,True,8.032656749291703e-05,8.005966618758464e-05,2.669013053323841e-07,0.0033337798924494414,True
42,k_proj,1,5,-1,0.1,-0.0002677552249763901,True,2.6775522497639014e-05,2.6756170649788746e-05,1.935184785026745e-08,0.0007232667224156848,True
42,k_proj,1,5,-1,0.03,-0.0002677552249763901,True,8.032656749291703e-06,8.035957061738874e-06,3.30031244717146e-09,0.00041069314106779417,True
42,k_proj,1,5,-1,0.01,-0.0002677552249763901,True,2.6775522497639012e-06,2.6866487440879716e-06,9.096494324070395e-09,0.0033858145185846965,True
42,k_proj,1,5,-1,0.003,-0.0002677552249763901,True,8.032656749291704e-07,8.021801081864455e-07,1.0855667427248909e-09,0.0013532705830603565,True
42,k_proj,1,5,1,0.3,-0.0002677552249763901,True,-8.032656749291703e-05,-8.060657796683801e-05,2.800104739209832e-07,0.0034737918540119774,True
42,k_proj,1,5,1,0.1,-0.0002677552249763901,True,-2.6775522497639014e-05,-2.679293803660443e-05,1.741553896541625e-08,0.0006500048237197128,True
42,k_proj,1,5,1,0.03,-0.0002677552249763901,True,-8.032656749291703e-06,-8.021993441645336e-06,1.0663307646366338e-08,0.0013292590830365051,True
42,k_proj,1,5,1,0.01,-0.0002677552249763901,True,-2.6775522497639012e-06,-2.6663959932782255e-06,1.1156256485675695e-08,0.004184020870793288,True
42,k_proj,1,5,1,0.003,-0.0002677552249763901,True,-8.032656749291704e-07,-7.903839397971346e-07,1.2881735132035748e-08,0.016298072978737477,True
42,v_proj,0,1,-1,0.3,-0.005959025533247923,True,0.0017877076599743767,0.0017232208766348317,6.448678333954502e-05,0.037422238909661516,True
42,v_proj,0,1,-1,0.1,-0.005959025533247923,True,0.0005959025533247924,0.0005889095324497495,6.993020875042857e-06,0.011874524845867658,True
42,v_proj,0,1,-1,0.03,-0.005959025533247923,True,0.00017877076599743768,0.00017815850035854397,6.12265638893708e-07,0.003436634444393747,True
42,v_proj,0,1,-1,0.01,-0.005959025533247923,True,5.959025533247923e-05,5.9524983810996246e-05,6.52715214829845e-08,0.0010965399283473082,True
42,v_proj,0,1,-1,0.003,-0.005959025533247923,True,1.787707659974377e-05,1.7875096381125832e-05,1.9802186179361232e-09,0.0001107808638182796,True
42,v_proj,0,1,1,0.3,-0.005959025533247923,True,-0.0017877076599743767,-0.001847269811992916,5.956215201853923e-05,0.03224334183985877,True
42,v_proj,0,1,1,0.1,-0.005959025533247923,True,-0.0005959025533247924,-0.000602720062453696,6.817509128903641e-06,0.011311236432298777,True
42,v_proj,0,1,1,0.03,-0.005959025533247923,True,-0.00017877076599743768,-0.00017937976911341913,6.09003115981452e-07,0.0033950490570449363,True
42,v_proj,0,1,1,0.01,-0.005959025533247923,True,-5.959025533247923e-05,-5.9645818415957064e-05,5.556308347783327e-08,0.0009315503576520373,True
42,v_proj,0,1,1,0.003,-0.005959025533247923,True,-1.787707659974377e-05,-1.787706889369578e-05,7.706047988441248e-12,4.31057688162668e-07,True
42,v_proj,0,3,-1,0.3,0.013697120725384041,True,-0.0041091362176152125,-0.0041778879064785085,6.875168886329597e-05,0.016456087478241115,True
42,v_proj,0,3,-1,0.1,0.013697120725384041,True,-0.0013697120725384042,-0.0013775203486128124,7.808276074408116e-06,0.005668356247710744,True
42,v_proj,0,3,-1,0.03,0.013697120725384041,True,-0.00041091362176152123,-0.0004116061213922523,6.924996307310473e-07,0.0016824327791546841,True
42,v_proj,0,3,-1,0.01,0.013697120725384041,True,-0.00013697120725384042,-0.00013703717907705137,6.597182321095509e-08,0.00048141550822394964,True
42,v_proj,0,3,-1,0.003,0.013697120725384041,True,-4.109136217615212e-05,-4.109169284957637e-05,3.306734242436611e-10,8.047208603796184e-06,True
42,v_proj,0,3,1,0.3,0.013697120725384041,True,0.0041091362176152125,0.004036149754865506,7.298646274970632e-05,0.018083189966309463,True
42,v_proj,0,3,1,0.1,0.013697120725384041,True,0.0013697120725384042,0.0013617562361836894,7.955836354714895e-06,0.005842335172270671,True
42,v_proj,0,3,1,0.03,0.013697120725384041,True,0.00041091362176152123,0.0004102094404770801,7.04181284441152e-07,0.0017166384167613938,True
42,v_proj,0,3,1,0.01,0.013697120725384041,True,0.00013697120725384042,0.00013690325688527072,6.795036856970037e-08,0.0004963385832861883,True
42,v_proj,0,3,1,0.003,0.013697120725384041,True,4.109136217615212e-05,4.10942351222604e-05,2.8729461082799453e-09,6.991117123198855e-05,True
42,v_proj,0,5,-1,0.3,-0.013698414594386627,True,0.004109524378315988,0.004049145576582341,6.0378801733646306e-05,0.014911491965820773,True
42,v_proj,0,5,-1,0.1,-0.013698414594386627,True,0.0013698414594386628,0.0013632666233798357,6.574836058827064e-06,0.004822854125575677,True
42,v_proj,0,5,-1,0.03,-0.013698414594386627,True,0.0004109524378315988,0.00041037467796035954,5.777598712392593e-07,0.001407883824876418,True
42,v_proj,0,5,-1,0.01,-0.013698414594386627,True,0.00013698414594386627,0.00013693217188487372,5.1974058992552584e-08,0.0003795606122150022,True
42,v_proj,0,5,-1,0.003,-0.013698414594386627,True,4.1095243783159884e-05,4.109728835831328e-05,2.0445751533940235e-09,4.9749636413187856e-05,True
42,v_proj,0,5,1,0.3,-0.013698414594386627,True,-0.004109524378315988,-0.004166546617311834,5.7022238995846006e-05,0.013685731670184822,True
42,v_proj,0,5,1,0.1,-0.013698414594386627,True,-0.0013698414594386628,-0.0013762983271477652,6.45686770910244e-06,0.0046914739208348995,True
42,v_proj,0,5,1,0.03,-0.013698414594386627,True,-0.0004109524378315988,-0.00041153431278478925,5.818749531904524e-07,0.0014139160092216717,True
42,v_proj,0,5,1,0.01,-0.013698414594386627,True,-0.00013698414594386627,-0.0001370354668332463,5.1320889380026104e-08,0.00037450807857265675,True
42,v_proj,0,5,1,0.003,-0.013698414594386627,True,-4.1095243783159884e-05,-4.1094815182829425e-05,4.2860033045848426e-10,1.042954758530136e-05,True
42,v_proj,1,1,-1,0.3,-0.015397115810905828,True,0.004619134743271748,0.004308296318611821,0.0003108384246599278,0.0721488035344986,True
42,v_proj,1,1,-1,0.1,-0.015397115810905828,True,0.0015397115810905828,0.0015036709851726227,3.604059591796015e-05,0.023968405504494493,True
42,v_proj,1,1,-1,0.03,-0.015397115810905828,True,0.0004619134743271748,0.00045863125559215956,3.2822187350152487e-06,0.007156552666209868,True
42,v_proj,1,1,-1,0.01,-0.015397115810905828,True,0.0001539711581090583,0.00015361464589608298,3.5651221297531665e-07,0.002320821760813676,True
42,v_proj,1,1,-1,0.003,-0.015397115810905828,True,4.619134743271748e-05,4.616736400495092e-05,2.3983427766565053e-08,0.0005194887835483331,True
42,v_proj,1,1,1,0.3,-0.015397115810905828,True,-0.004619134743271748,-0.004962433926775062,0.0003432991835033133,0.06917959786850264,True
42,v_proj,1,1,1,0.1,-0.015397115810905828,True,-0.0015397115810905828,-0.0015770048372544115,3.729325616382874e-05,0.023648155847610996,True
42,v_proj,1,1,1,0.03,-0.015397115810905828,True,-0.0004619134743271748,-0.0004652270594829727,3.313585155797908e-06,0.007122511660178238,True
42,v_proj,1,1,1,0.01,-0.015397115810905828,True,-0.0001539711581090583,-0.00015432470821950817,3.5355011044987017e-07,0.0022909494826129076,True
42,v_proj,1,1,1,0.003,-0.015397115810905828,True,-4.619134743271748e-05,-4.621678997583645e-05,2.5442543118965415e-08,0.0005505043325654498,True
42,v_proj,1,3,-1,0.3,0.01257879384825914,True,-0.0037736381544777415,-0.003824607305497732,5.096915101999045e-05,0.013326636422705195,True
42,v_proj,1,3,-1,0.1,0.01257879384825914,True,-0.0012578793848259141,-0.00126368095041883,5.801565592915975e-06,0.004591005024641009,True
42,v_proj,1,3,-1,0.03,0.01257879384825914,True,-0.00037736381544777416,-0.0003778796571487081,5.158417009339176e-07,0.0013650951861928808,True
42,v_proj,1,3,-1,0.01,0.01257879384825914,True,-0.0001257879384825914,-0.00012584206709524703,5.412861265563745e-08,0.0004301313058904915,True
42,v_proj,1,3,-1,0.003,0.01257879384825914,True,-3.773638154477742e-05,-3.774081373121574e-05,4.432186438318357e-09,0.00011743749008391038,True
42,v_proj,1,3,1,0.3,0.01257879384825914,True,0.0037736381544777415,0.0037188742611798525,5.476389329788899e-05,0.0147259330248274,True
42,v_proj,1,3,1,0.1,0.01257879384825914,True,0.0012578793848259141,0.001251943268328129,5.9361164977851655e-06,0.004741521958668606,True
42,v_proj,1,3,1,0.03,0.01257879384825914,True,0.00037736381544777416,0.000376836048368287,5.277670794871727e-07,0.001400521743533885,True
42,v_proj,1,3,1,0.01,0.01257879384825914,True,0.0001257879384825914,0.00012573999475104514,4.794373154626036e-08,0.0003812926160939088,True
42,v_proj,1,3,1,0.003,0.01257879384825914,True,3.773638154477742e-05,3.772890438837051e-05,7.477156406910464e-09,0.0001981811167889415,True
42,v_proj,1,5,-1,0.3,0.020234815811214724,True,-0.006070444743364417,-0.006148563602526885,7.811885916246802e-05,0.01270522096093523,True
42,v_proj,1,5,-1,0.1,0.020234815811214724,True,-0.0020234815811214723,-0.0020324595891128283,8.978007991356039e-06,0.004417311930553538,True
42,v_proj,1,5,-1,0.03,0.020234815811214724,True,-0.0006070444743364417,-0.0006078543467019082,8.09872365466484e-07,0.0013323460955090372,True
42,v_proj,1,5,-1,0.01,0.020234815811214724,True,-0.00020234815811214724,-0.00020243855392546029,9.039581331304132e-08,0.00044653457338134257,True
42,v_proj,1,5,-1,0.003,0.020234815811214724,True,-6.070444743364417e-05,-6.071166575229159e-05,7.218318647416366e-09,0.00011889508479091446,True
42,v_proj,1,5,1,0.3,0.020234815811214724,True,0.006070444743364417,0.00598435911200057,8.608563136384712e-05,0.014385104528773627,True
42,v_proj,1,5,1,0.1,0.020234815811214724,True,0.0020234815811214723,0.0020142173163376492,9.264264783823053e-06,0.004599436569569267,True
42,v_proj,1,5,1,0.03,0.020234815811214724,True,0.0006070444743364417,0.0006062246398735455,8.198344628962363e-07,0.0013523608394855882,True
42,v_proj,1,5,1,0.01,0.020234815811214724,True,0.00020234815811214724,0.00020226655928097526,8.159883117198822e-08,0.0004034222535947554,True
42,v_proj,1,5,1,0.003,0.020234815811214724,True,6.070444743364417e-05,6.070836192982598e-05,3.914496181810689e-09,6.448034599147205e-05,True
123,k_proj,0,1,-1,0.3,-0.00010674914584862558,True,3.202474375458767e-05,3.207146961209384e-05,4.672585750616656e-08,0.0014569291046315725,True
123,k_proj,0,1,-1,0.1,-0.00010674914584862558,True,1.0674914584862559e-05,1.067758834144561e-05,2.6737565830509764e-09,0.0002504082848626644,True
123,k_proj,0,1,-1,0.03,-0.00010674914584862558,True,3.202474375458767e-06,3.20374744361418e-06,1.2730681554127807e-09,0.0003973684498602735,True
123,k_proj,0,1,-1,0.01,-0.00010674914584862558,True,1.0674914584862559e-06,1.0841750187617905e-06,1.6683560275534588e-08,0.015388253729170472,True
123,k_proj,0,1,-1,0.003,-0.00010674914584862558,True,3.2024743754587673e-07,3.257239125503686e-07,5.47647500449186e-09,0.01681324211542191,True
123,k_proj,0,1,1,0.3,-0.00010674914584862558,True,-3.202474375458767e-05,-3.1987061405613915e-05,3.768234897375797e-08,0.0011780497275421648,True
123,k_proj,0,1,1,0.1,-0.00010674914584862558,True,-1.0674914584862559e-05,-1.0669824456230326e-05,5.090128632232951e-09,0.00047705832960173234,True
123,k_proj,0,1,1,0.03,-0.00010674914584862558,True,-3.202474375458767e-06,-3.194709646520133e-06,7.76472893863417e-09,0.002430495975461173,True
123,k_proj,0,1,1,0.01,-0.00010674914584862558,True,-1.0674914584862559e-06,-1.0684958281353962e-06,1.004369649140364e-09,0.0009399846238923204,True
123,k_proj,0,1,1,0.003,-0.00010674914584862558,True,-3.2024743754587673e-07,-3.2542707895100165e-07,5.179641405124919e-09,0.01591644254627255,True
123,k_proj,0,3,-1,0.3,-0.00016164735602324873,True,4.8494206806974615e-05,4.8368567306653065e-05,1.2563950032154963e-07,0.0025975443830081775,True
123,k_proj,0,3,-1,0.1,-0.00016164735602324873,True,1.6164735602324875e-05,1.6147337117980443e-05,1.739848434443244e-08,0.0010774831922632502,True
123,k_proj,0,3,-1,0.03,-0.00016164735602324873,True,4.8494206806974615e-06,4.8546903935187125e-06,5.269712821250966e-09,0.0010854889589429497,True
123,k_proj,0,3,-1,0.01,-0.00016164735602324873,True,1.6164735602324874e-06,1.6244711000534817e-06,7.997539820994346e-09,0.004923165343311461,True
123,k_proj,0,3,-1,0.003,-0.00016164735602324873,True,4.849420680697462e-07,4.899955882015083e-07,5.053520131762135e-09,0.010313399249798754,True
123,k_proj,0,3,1,0.3,-0.00016164735602324873,True,-4.8494206806974615e-05,-4.8635892683335236e-05,1.4168587636062075e-07,0.002913195760240841,True
123,k_proj,0,3,1,0.1,-0.00016164735602324873,True,-1.6164735602324875e-05,-1.6177509597703477e-05,1.2773995378601613e-08,0.0007896144521784107,True
123,k_proj,0,3,1,0.03,-0.00016164735602324873,True,-4.8494206806974615e-06,-4.8621375107194e-06,1.2716830021938325e-08,0.002615481358538695,True
123,k_proj,0,3,1,0.01,-0.00016164735602324873,True,-1.6164735602324874e-06,-1.6072934530680927e-06,9.180107164394693e-09,0.005711531485971765,True
123,k_proj,0,3,1,0.003,-0.00016164735602324873,True,-4.849420680697462e-07,-4.77239686422215e-07,7.702381647531175e-09,0.016139440760416686,True
123,k_proj,0,5,-1,0.3,1.1944418215248395e-05,False,-3.5833254645745184e-06,-3.612212014808547e-06,2.8886550234028395e-08,0.007996914388082902,True
123,k_proj,0,5,-1,0.1,1.1944418215248395e-05,False,-1.1944418215248395e-06,-1.1956929442114017e-06,1.2511226865621666e-09,0.0010463578401286983,True
123,k_proj,0,5,-1,0.03,1.1944418215248395e-05,False,-3.583325464574518e-07,-3.395889508206462e-07,1.8743595636805602e-08,0.05519495140083349,True
123,k_proj,0,5,-1,0.01,1.1944418215248395e-05,False,-1.1944418215248395e-07,-1.2744541511011676e-07,8.001232957632806e-09,0.06278164617157467,True
123,k_proj,0,5,-1,0.003,1.1944418215248395e-05,False,-3.5833254645745185e-08,-3.5656780028592294e-08,1.7647461715289046e-10,0.004949258374182408,True
123,k_proj,0,5,1,0.3,1.1944418215248395e-05,False,3.5833254645745184e-06,3.5665350557739783e-06,1.679040880054008e-08,0.004707764970193563,True
123,k_proj,0,5,1,0.1,1.1944418215248395e-05,False,1.1944418215248395e-06,1.2019293688381172e-06,7.487547313277642e-09,0.006229606753444851,True
123,k_proj,0,5,1,0.03,1.1944418215248395e-05,False,3.583325464574518e-07,3.6739824854636893e-07,9.065702088917112e-09,0.024675409109286867,True
123,k_proj,0,5,1,0.01,1.1944418215248395e-05,False,1.1944418215248395e-07,1.198020632697805e-07,3.5788111729654094e-10,0.0029872700647119387,True
123,k_proj,0,5,1,0.003,1.1944418215248395e-05,False,3.5833254645745185e-08,2.523947034704932e-08,1.0593784298695865e-08,0.41973084827171725,True
123,k_proj,1,1,-1,0.3,-0.0002280052288241756,True,6.840156864725268e-05,6.850798093241406e-05,1.064122851613758e-07,0.0015532830440055721,True
123,k_proj,1,1,-1,0.1,-0.0002280052288241756,True,2.2800522882417562e-05,2.28158705289222e-05,1.5347646504637586e-08,0.0006726741583312532,True
123,k_proj,1,1,-1,0.03,-0.0002280052288241756,True,6.840156864725268e-06,6.838256137092769e-06,1.90072763249954e-09,0.0002779550216303567,True
123,k_proj,1,1,-1,0.01,-0.0002280052288241756,True,2.280052288241756e-06,2.28969038774951e-06,9.638099507754018e-09,0.004209346189039606,True
123,k_proj,1,1,-1,0.003,-0.0002280052288241756,True,6.840156864725268e-07,6.791208325973574e-07,4.8948538751693846e-09,0.007207633222571872,True
123,k_proj,1,1,1,0.3,-0.0002280052288241756,True,-6.840156864725268e-05,-6.83062779144733e-05,9.52907327793817e-08,0.001395050875099589,True
123,k_proj,1,1,1,0.1,-0.0002280052288241756,True,-2.2800522882417562e-05,-2.27835629073303e-05,1.6959975087260675e-08,0.0007443952096624902,True
123,k_proj,1,1,1,0.03,-0.0002280052288241756,True,-6.840156864725268e-06,-6.8379101177545865e-06,2.246746970681664e-09,0.0003285721707350322,True
123,k_proj,1,1,1,0.01,-0.0002280052288241756,True,-2.280052288241756e-06,-2.266808158027378e-06,1.3244130214378035e-08,0.005842633911245203,True
123,k_proj,1,1,1,0.003,-0.0002280052288241756,True,-6.840156864725268e-07,-6.845572443070491e-07,5.415578345222841e-10,0.0007911067175550558,True
123,k_proj,1,3,-1,0.3,3.9958868407328035e-05,False,-1.198766052219841e-05,-1.1986360661089823e-05,1.299861108586782e-09,0.00010844501891273779,True
123,k_proj,1,3,-1,0.1,3.9958868407328035e-05,False,-3.995886840732804e-06,-3.999971737667085e-06,4.084896934281516e-09,0.001021231449166179,True
123,k_proj,1,3,-1,0.03,3.9958868407328035e-05,False,-1.198766052219841e-06,-1.1959446807180418e-06,2.821371501799171e-09,0.0023591153899403003,True
123,k_proj,1,3,-1,0.01,3.9958868407328035e-05,False,-3.9958868407328035e-07,-3.8741818386700544e-07,1.2170500206274912e-08,0.03141437524897606,True
123,k_proj,1,3,-1,0.003,3.9958868407328035e-05,False,-1.198766052219841e-07,-1.0670366004661425e-07,1.3172945175369854e-08,0.12345354573231283,True
123,k_proj,1,3,1,0.3,3.9958868407328035e-05,False,1.198766052219841e-05,1.1982006089039654e-05,5.654433158755985e-09,0.00047191038935694466,True
123,k_proj,1,3,1,0.1,3.9958868407328035e-05,False,3.995886840732804e-06,3.983544577146336e-06,1.2342263586467368e-08,0.0030983119047481348,True
123,k_proj,1,3,1,0.03,3.9958868407328035e-05,False,1.198766052219841e-06,1.2112538250313998e-06,1.2487772811558776e-08,0.010309790197141422,True
123,k_proj,1,3,1,0.01,3.9958868407328035e-05,False,3.9958868407328035e-07,4.079462561784597e-07,8.357572105179347e-09,0.020486943999611686,True
123,k_proj,1,3,1,0.003,3.9958868407328035e-05,False,1.198766052219841e-07,1.1144598360823821e-07,8.430621613745892e-09,0.07564760380581981,True
123,k_proj,1,5,-1,0.3,-3.088826239017526e-05,False,9.266478717052579e-06,9.258375133630592e-06,8.10358342198668e-09,0.0008752705852834599,True
123,k_proj,1,5,-1,0.1,-3.088826239017526e-05,False,3.0888262390175263e-06,3.0955514185165844e-06,6.725179499058091e-09,0.0021725303798316026,True
123,k_proj,1,5,-1,0.03,-3.088826239017526e-05,False,9.266478717052578e-07,9.27880378892576e-07,1.2325071873182197e-09,0.0013283039660664183,True
123,k_proj,1,5,-1,0.01,-3.088826239017526e-05,False,3.0888262390175263e-07,3.098933142320348e-07,1.010690330282176e-09,0.003261413795863355,True
123,k_proj,1,5,-1,0.003,-3.088826239017526e-05,False,9.266478717052578e-08,8.882010343880253e-08,3.844683731723249e-09,0.043286188406347154,True
123,k_proj,1,5,1,0.3,-3.088826239017526e-05,False,-9.266478717052579e-06,-9.288322758191359e-06,2.1844041138779926e-08,0.002351774556877419,True
123,k_proj,1,5,1,0.1,-3.088826239017526e-05,False,-3.0888262390175263e-06,-3.0800923225687837e-06,8.733916448742614e-09,0.002835602161904863,True
123,k_proj,1,5,1,0.03,-3.088826239017526e-05,False,-9.266478717052578e-07,-9.269283523377636e-07,2.8048063250580673e-10,0.00030259149134711366,True
123,k_proj,1,5,1,0.01,-3.088826239017526e-05,False,-3.0888262390175263e-07,-3.0876392780043727e-07,1.1869610131536939e-10,0.00038442347252456895,True
123,k_proj,1,5,1,0.003,-3.088826239017526e-05,False,-9.266478717052578e-08,-9.350328308843636e-08,8.384959179105794e-10,0.008967555899802164,True
123,v_proj,0,1,-1,0.3,-0.022164680177863334,True,0.006649404053359,0.00656053252789901,8.887152545998967e-05,0.013546388967977649,True
123,v_proj,0,1,-1,0.1,-0.022164680177863334,True,0.0022164680177863337,0.0022065744795914943,9.893538194839357e-06,0.004483663835662125,True
123,v_proj,0,1,-1,0.03,-0.022164680177863334,True,0.0006649404053359,0.0006640640517980162,8.76353537883779e-07,0.0013196822437699632,True
123,v_proj,0,1,-1,0.01,-0.022164680177863334,True,0.00022164680177863335,0.00022154667651964888,1.001252589844751e-07,0.00045193753549986127,True
123,v_proj,0,1,-1,0.003,-0.022164680177863334,True,6.649404053359e-05,6.649034982816882e-05,3.690705421182175e-09,5.5507384616264987e-05,True
123,v_proj,0,1,1,0.3,-0.022164680177863334,True,-0.006649404053359,-0.006737953770039953,8.854971668095356e-05,0.01314192998394949,True
123,v_proj,0,1,1,0.1,-0.022164680177863334,True,-0.0022164680177863337,-0.0022263458037509037,9.877785964570052e-06,0.004436770760377006,True
123,v_proj,0,1,1,0.03,-0.022164680177863334,True,-0.0006649404053359,-0.0006658255419009773,8.851365650773373e-07,0.0013293821119421342,True
123,v_proj,0,1,1,0.01,-0.022164680177863334,True,-0.00022164680177863335,-0.0002217298878559315,8.308607729815422e-08,0.0003747175362851363,True
123,v_proj,0,1,1,0.003,-0.022164680177863334,True,-6.649404053359e-05,-6.648811372141072e-05,5.926812179273336e-09,8.914092831851183e-05,True
123,v_proj,0,3,-1,0.3,0.011797479236346765,True,-0.003539243770904029,-0.003537046276273048,2.1974946309809285e-06,0.0006212795817012628,True
123,v_proj,0,3,-1,0.1,0.011797479236346765,True,-0.0011797479236346766,-0.0011795634248058934,1.8449882878326246e-07,0.00015641280909809764,True
123,v_proj,0,3,-1,0.03,0.011797479236346765,True,-0.00035392437709040294,-0.0003538874544198739,3.692267052903464e-08,0.00010433449976225295,True
123,v_proj,0,3,-1,0.01,0.011797479236346765,True,-0.00011797479236346765,-0.00011795650227684751,1.8290086620142607e-08,0.00015505789224925655,True
123,v_proj,0,3,-1,0.003,0.011797479236346765,True,-3.5392437709040294e-05,-3.539803377754225e-05,5.596068501954399e-09,0.00015808981191222946,True
123,v_proj,0,3,1,0.3,0.011797479236346765,True,0.003539243770904029,0.003540022669472759,7.788985687297301e-07,0.00022002643526735863,True
123,v_proj,0,3,1,0.1,0.011797479236346765,True,0.0011797479236346766,0.0011798986629350389,1.507393003622251e-07,0.00012775614135137323,True
123,v_proj,0,3,1,0.03,0.011797479236346765,True,0.00035392437709040294,0.00035393948354206506,1.5106451662120438e-08,4.2680888582822e-05,True
123,v_proj,0,3,1,0.01,0.011797479236346765,True,0.00011797479236346765,0.00011798171476663788,6.922403170228999e-09,5.867352567235675e-05,True
123,v_proj,0,3,1,0.003,0.011797479236346765,True,3.5392437709040294e-05,3.5401850670441215e-05,9.412961400921205e-09,0.00026588896406990836,True
123,v_proj,0,5,-1,0.3,0.0021167487351551814,True,-0.0006350246205465544,-0.0006233256827694739,1.169893777708058e-05,0.018768579733633772,True
123,v_proj,0,5,-1,0.1,0.0021167487351551814,True,-0.00021167487351551816,-0.00021037912433687078,1.2957491786473759e-06,0.006159114801583402,True
123,v_proj,0,5,-1,0.03,0.0021167487351551814,True,-6.350246205465544e-05,-6.337744905757225e-05,1.2501299708318975e-07,0.0019725154442493827,True
123,v_proj,0,5,-1,0.01,0.0021167487351551814,True,-2.1167487351551814e-05,-2.1151724699478014e-05,1.5762652073799825e-08,0.0007452182882367422,True
123,v_proj,0,5,-1,0.003,0.0021167487351551814,True,-6.350246205465544e-06,-6.336223476219316e-06,1.4022729246228205e-08,0.0022131052193561924,True
123,v_proj,0,5,1,0.3,0.0021167487351551814,True,0.0006350246205465544,0.0006466173916571533,1.1592771110598816e-05,0.017928331746365222,True
123,v_proj,0,5,1,0.1,0.0021167487351551814,True,0.00021167487351551816,0.00021297123726680967,1.2963637512915076e-06,0.006087036765755496,True
123,v_proj,0,5,1,0.03,0.0021167487351551814,True,6.350246205465544e-05,6.364085628822458e-05,1.383942335691341e-07,0.0021746130024140023,True
123,v_proj,0,5,1,0.01,0.0021167487351551814,True,2.1167487351551814e-05,2.118930714614664e-05,2.1819794594827153e-08,0.0010297549818090758,True
123,v_proj,0,5,1,0.003,0.0021167487351551814,True,6.350246205465544e-06,6.358770596084917e-06,8.524390619373112e-09,0.0013405721264141159,True
123,v_proj,1,1,-1,0.3,-0.034549638318629894,True,0.010364891495588969,0.010012225742964523,0.0003526657526244457,0.035223511902162205,True
123,v_proj,1,1,-1,0.1,-0.034549638318629894,True,0.0034549638318629896,0.003418852880021722,3.6110951841267485e-05,0.010562300604475864,True
123,v_proj,1,1,-1,0.03,-0.034549638318629894,True,0.0010364891495588968,0.0010333577448927295,3.1314046661672958e-06,0.0030303200238677845,True
123,v_proj,1,1,-1,0.01,-0.034549638318629894,True,0.0003454963831862989,0.0003451539469372933,3.424362490056336e-07,0.000992126128193593,True
123,v_proj,1,1,-1,0.003,-0.034549638318629894,True,0.00010364891495588968,0.00010362347553942441,2.5439416465264657e-08,0.00024549858352884544,True
123,v_proj,1,1,1,0.3,-0.034549638318629894,True,-0.010364891495588969,-0.010622530478589673,0.0002576389830007044,0.02425401212262848,True
123,v_proj,1,1,1,0.1,-0.034549638318629894,True,-0.0034549638318629896,-0.0034875347042169907,3.2570872354001097e-05,0.009339225302795602,True
123,v_proj,1,1,1,0.03,-0.034549638318629894,True,-0.0010364891495588968,-0.0010395471519005772,3.0580023416804623e-06,0.0029416677599371954,True
123,v_proj,1,1,1,0.01,-0.034549638318629894,True,-0.0003454963831862989,-0.0003458310886679944,3.3470548169546935e-07,0.0009678293613932267,True
123,v_proj,1,1,1,0.003,-0.034549638318629894,True,-0.00010364891495588968,-0.0001036836049962131,3.4690040323417655e-08,0.00033457594693668937,True
123,v_proj,1,3,-1,0.3,-0.006982930342062977,True,0.002094879102618893,0.0020937868125222303,1.092290096662684e-06,0.0005216816201774061,True
123,v_proj,1,3,-1,0.1,-0.006982930342062977,True,0.0006982930342062977,0.0006981757871221683,1.1724708412941438e-07,0.0001679334721885711,True
123,v_proj,1,3,-1,0.03,-0.006982930342062977,True,0.0002094879102618893,0.00020948484666456768,3.0635973216294222e-09,1.4624434036199908e-05,True
123,v_proj,1,3,-1,0.01,-0.006982930342062977,True,6.982930342062977e-05,6.984064123824463e-05,1.133781761486171e-08,0.00016233839514997377,True
123,v_proj,1,3,-1,0.003,-0.006982930342062977,True,2.094879102618893e-05,2.0960929309504772e-05,1.2138283315841136e-08,0.0005790908950939026,True
123,v_proj,1,3,1,0.3,-0.006982930342062977,True,-0.002094879102618893,-0.0020959797060487867,1.1006034298936991e-06,0.0005251021404059726,True
123,v_proj,1,3,1,0.1,-0.006982930342062977,True,-0.0006982930342062977,-0.000698401333311921,1.0829910562326454e-07,0.00015506715187626344,True
123,v_proj,1,3,1,0.03,-0.006982930342062977,True,-0.0002094879102618893,-0.00020949587680645088,7.966544561565422e-09,3.802721410562918e-05,True
123,v_proj,1,3,1,0.01,-0.006982930342062977,True,-6.982930342062977e-05,-6.98237612388325e-05,5.542181797272097e-09,7.93738649843717e-05,True
123,v_proj,1,3,1,0.003,-0.006982930342062977,True,-2.094879102618893e-05,-2.0933818966409334e-05,1.497205977959667e-08,0.0007152091934883464,True
123,v_proj,1,5,-1,0.3,-0.012795699191428016,True,0.0038387097574284048,0.003834888062137637,3.821695290767875e-06,0.0009965598027488688,True
123,v_proj,1,5,-1,0.1,-0.012795699191428016,True,0.0012795699191428017,0.0012791943101973235,3.756089454781848e-07,0.00029362931220374555,True
123,v_proj,1,5,-1,0.03,-0.012795699191428016,True,0.0003838709757428405,0.0003838385505322839,3.24252105566138e-08,8.44761697636897e-05,True
123,v_proj,1,5,-1,0.01,-0.012795699191428016,True,0.00012795699191428016,0.00012796772387917155,1.0731964891389596e-08,8.386462278193546e-05,True
123,v_proj,1,5,-1,0.003,-0.012795699191428016,True,3.838709757428405e-05,3.839824518037105e-05,1.114760608699779e-08,0.0002903155088112302,True
123,v_proj,1,5,1,0.3,-0.012795699191428016,True,-0.0038387097574284048,-0.003841127117771237,2.4173603428321797e-06,0.0006293361996920375,True
123,v_proj,1,5,1,0.1,-0.012795699191428016,True,-0.0012795699191428017,-0.0012798861060607514,3.1618691794963946e-07,0.00024704301144638823,True
123,v_proj,1,5,1,0.03,-0.012795699191428016,True,-0.0003838709757428405,-0.0003839071668180205,3.6191075180008574e-08,9.427038176956944e-05,True
123,v_proj,1,5,1,0.01,-0.012795699191428016,True,-0.00012795699191428016,-0.00012795758304663674,5.911323565789117e-10,4.619752440646378e-06,True
123,v_proj,1,5,1,0.003,-0.012795699191428016,True,-3.838709757428405e-05,-3.838042372973638e-05,6.673844547671877e-09,0.00017388668230103766,True
999,k_proj,0,1,-1,0.3,3.178418130872142e-05,False,-9.535254392616426e-06,-9.515469896498319e-06,1.9784496118107614e-08,0.0020791927601377085,True
999,k_proj,0,1,-1,0.1,3.178418130872142e-05,False,-3.1784181308721422e-06,-3.1702086876195246e-06,8.20944325261766e-09,0.0025895592566753207,True
999,k_proj,0,1,-1,0.03,3.178418130872142e-05,False,-9.535254392616426e-07,-9.401515919937875e-07,1.3373847267855057e-08,0.014225203022305184,True
999,k_proj,0,1,-1,0.01,3.178418130872142e-05,False,-3.178418130872142e-07,-3.302954137973657e-07,1.2453600710151488e-08,0.03770443121499622,True
999,k_proj,0,1,-1,0.003,3.178418130872142e-05,False,-9.535254392616426e-08,-8.399935169656203e-08,1.1353192229602234e-08,0.13515809348879657,True
999,k_proj,0,1,1,0.3,3.178418130872142e-05,False,9.535254392616426e-06,9.537136483328545e-06,1.882090712119206e-09,0.00019734337611810495,True
999,k_proj,0,1,1,0.1,3.178418130872142e-05,False,3.1784181308721422e-06,3.177036896701013e-06,1.381234171129037e-09,0.000434755470596923,True
999,k_proj,0,1,1,0.03,3.178418130872142e-05,False,9.535254392616426e-07,9.476955932230524e-07,5.82984603859015e-09,0.006151601928171064,True
999,k_proj,0,1,1,0.01,3.178418130872142e-05,False,3.178418130872142e-07,3.209909458234961e-07,3.149132736281854e-09,0.009810659077011704,True
999,k_proj,0,1,1,0.003,3.178418130872142e-05,False,9.535254392616426e-08,9.330053774014857e-08,2.052006186015694e-09,0.021993508673344826,True
999,k_proj,0,3,-1,0.3,-1.4975992212235467e-06,False,4.49279766367064e-07,5.022228433404496e-07,5.294307697338563e-08,0.10541750076767471,True
999,k_proj,0,3,-1,0.1,-1.4975992212235467e-06,False,1.4975992212235467e-07,1.5839843175990964e-07,8.63850963755497e-09,0.05453658563140751,True
999,k_proj,0,3,-1,0.03,-1.4975992212235467e-06,False,4.49279766367064e-08,4.734369915548875e-08,2.4157225187823526e-09,0.051025216911093185,True
999,k_proj,0,3,-1,0.01,-1.4975992212235467e-06,False,1.4975992212235466e-08,2.0109768544829265e-08,5.133776332593799e-09,0.2552876887244843,True
999,k_proj,0,3,-1,0.003,-1.4975992212235467e-06,False,4.49279766367064e-09,9.094785619057077e-09,4.601987955386437e-09,0.5060029062964937,True
999,k_proj,0,3,1,0.3,-1.4975992212235467e-06,False,-4.49279766367064e-07,-3.857709067744963e-07,6.350885959256769e-08,0.16462843225679535,True
999,k_proj,0,3,1,0.1,-1.4975992212235467e-06,False,-1.4975992212235467e-07,-1.4060402980797804e-07,9.155892314376634e-09,0.06511827809544843,True
999,k_proj,0,3,1,0.03,-1.4975992212235467e-06,False,-4.49279766367064e-08,-4.4828021961151876e-08,9.99546755545213e-11,0.0022297364724489155,True
999,k_proj,0,3,1,0.01,-1.4975992212235467e-06,False,-1.4975992212235466e-08,-2.591291853315525e-08,1.0936926320919783e-08,0.4220646279934128,True
999,k_proj,0,3,1,0.003,-1.4975992212235467e-06,False,-4.49279766367064e-09,4.549815246779332e-09,9.042612910449972e-09,1.9874681541961396,False
999,k_proj,0,5,-1,0.3,-5.7622220195821244e-05,False,1.7286666058746372e-05,1.7246212405536143e-05,4.045365321022869e-08,0.002345654353488237,True
999,k_proj,0,5,-1,0.1,-5.7622220195821244e-05,False,5.762222019582125e-06,5.762574571022139e-06,3.525514400136735e-10,6.117950156975401e-05,True
999,k_proj,0,5,-1,0.03,-5.7622220195821244e-05,False,1.7286666058746373e-06,1.7502490344267763e-06,2.1582428552138988e-08,0.012331061539026899,True
999,k_proj,0,5,-1,0.01,-5.7622220195821244e-05,False,5.762222019582124e-07,5.629738643875282e-07,1.3248337570684258e-08,0.023532775513650923,True
999,k_proj,0,5,-1,0.003,-5.7622220195821244e-05,False,1.7286666058746374e-07,1.7184908970846458e-07,1.0175708789991681e-09,0.005921305028298016,True
999,k_proj,0,5,1,0.3,-5.7622220195821244e-05,False,-1.7286666058746372e-05,-1.7311545807308093e-05,2.4879748561721103e-08,0.001437176601018384,True
999,k_proj,0,5,1,0.1,-5.7622220195821244e-05,False,-5.762222019582125e-06,-5.775513900407869e-06,1.3291880825744176e-08,0.002301419588792869,True
999,k_proj,0,5,1,0.03,-5.7622220195821244e-05,False,-1.7286666058746373e-06,-1.7478500883016945e-06,1.9183482427057252e-08,0.010975473557744852,True
999,k_proj,0,5,1,0.01,-5.7622220195821244e-05,False,-5.762222019582124e-07,-5.750127176906705e-07,1.2094842675418976e-09,0.002103404377557685,True
999,k_proj,0,5,1,0.003,-5.7622220195821244e-05,False,-1.7286666058746374e-07,-1.9546760576805156e-07,2.2600945180587812e-08,0.11562501669666356,True
999,k_proj,1,1,-1,0.3,4.466559087831945e-06,False,-1.3399677263495833e-06,-1.3302720290042647e-06,9.695697345318652e-09,0.00728850726311676,True
999,k_proj,1,1,-1,0.1,4.466559087831945e-06,False,-4.466559087831945e-07,-4.616179701544265e-07,1.4962061371232023e-08,0.0324122160283897,True
999,k_proj,1,1,-1,0.03,4.466559087831945e-06,False,-1.3399677263495834e-07,-1.2896725151700927e-07,5.029521117949069e-09,0.03899843610519787,True
999,k_proj,1,1,-1,0.01,4.466559087831945e-06,False,-4.466559087831945e-08,-7.179059846595948e-08,2.7125007587640025e-08,0.3778350949463352,True
999,k_proj,1,1,-1,0.003,4.466559087831945e-06,False,-1.3399677263495835e-08,-2.3896243955823238e-08,1.0496566692327402e-08,0.4392559228861367,True
999,k_proj,1,1,1,0.3,4.466559087831945e-06,False,1.3399677263495833e-06,1.3487993888450234e-06,8.831662495440054e-09,0.0065477954456982694,True
999,k_proj,1,1,1,0.1,4.466559087831945e-06,False,4.466559087831945e-07,4.7359923088796663e-07,2.6943322104772134e-08,0.05689055291381116,True
999,k_proj,1,1,1,0.03,4.466559087831945e-06,False,1.3399677263495834e-07,1.39918137465056e-07,5.921364830097649e-09,0.0423202090692244,True
999,k_proj,1,1,1,0.01,4.466559087831945e-06,False,4.466559087831945e-08,6.04752408983611e-08,1.580965002004164e-08,0.2614235145687545,True
999,k_proj,1,1,1,0.003,4.466559087831945e-06,False,1.3399677263495835e-08,1.394219401040786e-08,5.425167469120249e-10,0.038911863262484775,True
999,k_proj,1,3,-1,0.3,9.404341550474107e-05,False,-2.8213024651422318e-05,-2.8237101816125376e-05,2.40771647030586e-08,0.0008526783258368548,True
999,k_proj,1,3,-1,0.1,9.404341550474107e-05,False,-9.404341550474108e-06,-9.418255185800195e-06,1.3913635326086933e-08,0.001477304983949084,True
999,k_proj,1,3,-1,0.03,9.404341550474107e-05,False,-2.821302465142232e-06,-2.820833149841384e-06,4.693153008478985e-10,0.00016637471127077763,True
999,k_proj,1,3,-1,0.01,9.404341550474107e-05,False,-9.404341550474107e-07,-9.289592852734785e-07,1.147486977393222e-08,0.012352392570740178,True
999,k_proj,1,3,-1,0.003,9.404341550474107e-05,False,-2.821302465142232e-07,-2.7244693440175993e-07,9.683312112463279e-09,0.03554201163513157,True
999,k_proj,1,3,1,0.3,9.404341550474107e-05,False,2.8213024651422318e-05,2.8181333887544735e-05,3.169076387758257e-08,0.001124530300944658,True
999,k_proj,1,3,1,0.1,9.404341550474107e-05,False,9.404341550474108e-06,9.416012457602596e-06,1.1670907128487969e-08,0.001239474478293064,True
999,k_proj,1,3,1,0.03,9.404341550474107e-05,False,2.821302465142232e-06,2.8239476837776945e-06,2.645218635462439e-09,0.0009367095044494014,True
999,k_proj,1,3,1,0.01,9.404341550474107e-05,False,9.404341550474107e-07,9.251958890399425e-07,1.5238266007468163e-08,0.01647031313907005,True
999,k_proj,1,3,1,0.003,9.404341550474107e-05,False,2.821302465142232e-07,2.8687918757208664e-07,4.748941057863424e-09,0.016553801264060385,True
999,k_proj,1,5,-1,0.3,-2.8706281638270013e-05,False,8.611884491481004e-06,8.598296223016888e-06,1.3588268464116002e-08,0.0015803443044613182,True
999,k_proj,1,5,-1,0.1,-2.8706281638270013e-05,False,2.8706281638270013e-06,2.8657968100254116e-06,4.831353801589691e-09,0.0016858675341839223,True
999,k_proj,1,5,-1,0.03,-2.8706281638270013e-05,False,8.611884491481004e-07,8.654602368096675e-07,4.2717876615671906e-09,0.004935856645839922,True
999,k_proj,1,5,-1,0.01,-2.8706281638270013e-05,False,2.8706281638270015e-07,2.832653805961982e-07,3.797435786501942e-09,0.013405929727485055,True
999,k_proj,1,5,-1,0.003,-2.8706281638270013e-05,False,8.611884491481004e-08,9.101099018860026e-08,4.8921452737902166e-09,0.05375334631182807,True
999,k_proj,1,5,1,0.3,-2.8706281638270013e-05,False,-8.611884491481004e-06,-8.63609049128744e-06,2.420599980643632e-08,0.0028028886254557726,True
999,k_proj,1,5,1,0.1,-2.8706281638270013e-05,False,-2.8706281638270013e-06,-2.873970501693357e-06,3.3423378663556574e-09,0.0011629687445943986,True
999,k_proj,1,5,1,0.03,-2.8706281638270013e-05,False,-8.611884491481004e-07,-8.754621188822309e-07,1.4273669734130552e-08,0.016304154601634657,True
999,k_proj,1,5,1,0.01,-2.8706281638270013e-05,False,-2.8706281638270015e-07,-2.6759872046033806e-07,1.9464095922362097e-08,0.07273613225384219,True
999,k_proj,1,5,1,0.003,-2.8706281638270013e-05,False,-8.611884491481004e-08,-5.978356773517213e-08,2.6335277179637916e-08,0.4405102970150146,True
999,v_proj,0,1,-1,0.3,0.009150362719776433,True,-0.0027451088159329297,-0.0028713526398935485,0.00012624382396061876,0.04396667347877517,True
999,v_proj,0,1,-1,0.1,0.009150362719776433,True,-0.0009150362719776434,-0.0009297608740267138,1.4724602049070458e-05,0.015836977507237407,True
999,v_proj,0,1,-1,0.03,0.009150362719776433,True,-0.000274510881593293,-0.0002758641338219403,1.3532522286473095e-06,0.004905502610646667,True
999,v_proj,0,1,-1,0.01,0.009150362719776433,True,-9.150362719776434e-05,-9.166492445214502e-05,1.6129725438068375e-07,0.001759639855099551,True
999,v_proj,0,1,-1,0.003,0.009150362719776433,True,-2.74510881593293e-05,-2.7469836490850996e-05,1.8748331521697346e-08,0.0006825061200470414,True
999,v_proj,0,1,1,0.3,0.009150362719776433,True,0.0027451088159329297,0.0026001658209466316,0.00014494299498629811,0.05574375057877244,True
999,v_proj,0,1,1,0.1,0.009150362719776433,True,0.0009150362719776434,0.0008996113948751827,1.542487710246064e-05,0.017146155762734396,True
999,v_proj,0,1,1,0.03,0.009150362719776433,True,0.000274510881593293,0.000273143550155619,1.3673314376740206e-06,0.005005907834525129,True
999,v_proj,0,1,1,0.01,0.009150362719776433,True,9.150362719776434e-05,9.135321234704508e-05,1.5041485071926454e-07,0.0016465195569461534,True
999,v_proj,0,1,1,0.003,0.009150362719776433,True,2.74510881593293e-05,2.7437070783176143e-05,1.4017376153155971e-08,0.0005108918610127705,True
999,v_proj,0,3,-1,0.3,-0.015086395375410767,True,0.00452591861262323,0.004427693546863454,9.822506575977649e-05,0.02218425117279366,True
999,v_proj,0,3,-1,0.1,-0.015086395375410767,True,0.0015086395375410767,0.001498015797085278,1.0623740455798641e-05,0.007091874782942533,True
999,v_proj,0,3,-1,0.03,-0.015086395375410767,True,0.000452591861262323,0.00045166782778049974,9.24033481823237e-07,0.0020458253277944255,True
999,v_proj,0,3,-1,0.01,-0.015086395375410767,True,0.00015086395375410767,0.0001507449587319909,1.1899502211677195e-07,0.0007893797783867049,True
999,v_proj,0,3,-1,0.003,-0.015086395375410767,True,4.52591861262323e-05,4.5265914725922674e-05,6.728599690372888e-09,0.00014864605589246129,True
999,v_proj,0,3,1,0.3,-0.015086395375410767,True,-0.00452591861262323,-0.0046163975875362084,9.047897491297821e-05,0.01959947625769106,True
999,v_proj,0,3,1,0.1,-0.015086395375410767,True,-0.0015086395375410767,-0.0015189889988461713,1.0349461305094593e-05,0.006813387926414263,True
999,v_proj,0,3,1,0.03,-0.015086395375410767,True,-0.000452591861262323,-0.000453522526699196,9.306654368730367e-07,0.002052082051241329,True
999,v_proj,0,3,1,0.01,-0.015086395375410767,True,-0.00015086395375410767,-0.00015095913621426815,9.51824601604838e-08,0.0006305180497680105,True
999,v_proj,0,3,1,0.003,-0.015086395375410767,True,-4.52591861262323e-05,-4.5266985329195375e-05,7.799202963074364e-09,0.00017229340337900068,True
999,v_proj,0,5,-1,0.3,-0.0032453130810310795,True,0.0009735939243093238,0.0009562471251831073,1.7346799126216486e-05,0.018140498067269827,True
999,v_proj,0,5,-1,0.1,-0.0032453130810310795,True,0.000324531308103108,0.00032263188062581216,1.8994274772958335e-06,0.0058872901016833665,True
999,v_proj,0,5,-1,0.03,-0.0032453130810310795,True,9.735939243093238e-05,9.718600015001799e-05,1.733922809143897e-07,0.0017841281732630047,True
999,v_proj,0,5,-1,0.01,-0.0032453130810310795,True,3.2453130810310794e-05,3.243851622986016e-05,1.4614580450634856e-08,0.00045053171813024873,True
999,v_proj,0,5,-1,0.003,-0.0032453130810310795,True,9.73593924309324e-06,9.735410844480263e-06,5.283986129758577e-10,5.427594391411294e-05,True
999,v_proj,0,5,1,0.3,-0.0032453130810310795,True,-0.0009735939243093238,-0.0009901535311983567,1.6559606889032926e-05,0.016724282010075014,True
999,v_proj,0,5,1,0.1,-0.0032453130810310795,True,-0.000324531308103108,-0.00032639083101876354,1.8595229156555433e-06,0.0056972277984997785,True
999,v_proj,0,5,1,0.03,-0.0032453130810310795,True,-9.735939243093238e-05,-9.752932279141757e-05,1.6993036048518965e-07,0.0017423514859076132,True
999,v_proj,0,5,1,0.01,-0.0032453130810310795,True,-3.2453130810310794e-05,-3.247780195891892e-05,2.4671148608122967e-08,0.0007596311055572491,True
999,v_proj,0,5,1,0.003,-0.0032453130810310795,True,-9.73593924309324e-06,-9.736152763034633e-06,2.1351994139414473e-10,2.193062769154757e-05,True
999,v_proj,1,1,-1,0.3,-0.004031172572853086,True,0.0012093517718559257,0.0007876706000853606,0.00042168117177056514,0.5353521785945383,True
999,v_proj,1,1,-1,0.1,-0.004031172572853086,True,0.0004031172572853086,0.000355176539514529,4.794071777077961e-05,0.13497715202785382,True
999,v_proj,1,1,-1,0.03,-0.004031172572853086,True,0.00012093517718559257,0.00011660275532429654,4.33242186129603e-06,0.03715539868030274,True
999,v_proj,1,1,-1,0.01,-0.004031172572853086,True,4.031172572853086e-05,3.982516101669331e-05,4.865647118375489e-07,0.012217520266486757,True
999,v_proj,1,1,-1,0.003,-0.004031172572853086,True,1.2093517718559257e-05,1.2039029042704152e-05,5.4488675855104924e-08,0.004526002525770627,True
999,v_proj,1,1,1,0.3,-0.004031172572853086,True,-0.0012093517718559257,-0.001655309881363476,0.00044595810950755015,0.26941064904428363,True
999,v_proj,1,1,1,0.1,-0.004031172572853086,True,-0.0004031172572853086,-0.000451956733403841,4.8839476118532415e-05,0.10806228231340993,True
999,v_proj,1,1,1,0.03,-0.004031172572853086,True,-0.00012093517718559257,-0.00012531643641719437,4.381259231601799e-06,0.034961568943885614,True
999,v_proj,1,1,1,0.01,-0.004031172572853086,True,-4.031172572853086e-05,-4.080727682245766e-05,4.955510939268009e-07,0.012143694274989748,True
999,v_proj,1,1,1,0.003,-0.004031172572853086,True,-1.2093517718559257e-05,-1.2140966233087358e-05,4.7448514528100665e-08,0.003908133308104495,True
999,v_proj,1,3,-1,0.3,-0.006549543841972868,True,0.0019648631525918604,0.0019435846347743702,2.1278517817490284e-05,0.010948078841938621,True
999,v_proj,1,3,-1,0.1,-0.006549543841972868,True,0.0006549543841972868,0.0006525876859999613,2.366698197325541e-06,0.003626636309722953,True
999,v_proj,1,3,-1,0.03,-0.006549543841972868,True,0.00019648631525918603,0.00019627943537919856,2.0687987998746428e-07,0.001054006903921373,True
999,v_proj,1,3,-1,0.01,-0.006549543841972868,True,6.549543841972868e-05,6.54736266580691e-05,2.1811761659578776e-08,0.00033313813168604507,True
999,v_proj,1,3,-1,0.003,-0.006549543841972868,True,1.9648631525918605e-05,1.962955248988041e-05,1.9079036038196243e-08,0.00097195471206142,True
999,v_proj,1,3,1,0.3,-0.006549543841972868,True,-0.0019648631525918604,-0.0019858036000003354,2.094044740847496e-05,0.010545074753853514,True
999,v_proj,1,3,1,0.1,-0.006549543841972868,True,-0.0006549543841972868,-0.0006572834536992256,2.329069501938734e-06,0.003543478066929282,True
999,v_proj,1,3,1,0.03,-0.006549543841972868,True,-0.00019648631525918603,-0.00019670859022613563,2.222749669495989e-07,0.00112997081974952,True
999,v_proj,1,3,1,0.01,-0.006549543841972868,True,-6.549543841972868e-05,-6.550357617299274e-05,8.137753264054071e-09,0.00012423372492766714,True
999,v_proj,1,3,1,0.003,-0.006549543841972868,True,-1.9648631525918605e-05,-1.965618320740048e-05,7.551681481874603e-09,0.0003841885986813261,True
999,v_proj,1,5,-1,0.3,0.009975385004576332,True,-0.0029926155013728995,-0.0030282728693364347,3.565736796353521e-05,0.011774820005354595,True
999,v_proj,1,5,-1,0.1,0.009975385004576332,True,-0.0009975385004576333,-0.0010016145934713672,4.076093013733861e-06,0.004069522389452269,True
999,v_proj,1,5,-1,0.03,0.009975385004576332,True,-0.00029926155013728994,-0.0002996388599880162,3.7730985072626693e-07,0.0012592153459045903,True
999,v_proj,1,5,-1,0.01,0.009975385004576332,True,-9.975385004576333e-05,-9.980161856545933e-05,4.776851969599642e-08,0.0004786347193824849,True
999,v_proj,1,5,-1,0.003,0.009975385004576332,True,-2.9926155013728996e-05,-2.9925225295490687e-05,9.297182383092044e-10,3.106804473914186e-05,True
999,v_proj,1,5,1,0.3,0.009975385004576332,True,0.0029926155013728995,0.002954036958139228,3.857854323367164e-05,0.01305960073633357,True
999,v_proj,1,5,1,0.1,0.009975385004576332,True,0.0009975385004576333,0.0009933412562321275,4.197244225505759e-06,0.004225379947900737,True
999,v_proj,1,5,1,0.03,0.009975385004576332,True,0.00029926155013728994,0.00029889328182852726,3.6826830876267964e-07,0.001232106344143099,True
999,v_proj,1,5,1,0.01,0.009975385004576332,True,9.975385004576333e-05,9.970976415110688e-05,4.408589465644715e-08,0.0004421422017369976,True
999,v_proj,1,5,1,0.003,0.009975385004576332,True,2.9926155013728996e-05,2.9921207028271724e-05,4.947985457272905e-09,0.00016536717427868768,True
