seed,projection,kv_head,source_position,sign,linear_effect_full,meaningful_signal,taylor_error_slope,smallest_relative_error,smallest_sign_agreement
42,k_proj,0,1,-1,-6.34615769805312e-05,False,0.1354571739260829,0.014005201561213253,True
42,k_proj,0,1,1,-6.34615769805312e-05,False,0.5849290555704865,0.028011590930370343,True
42,k_proj,0,3,-1,1.9224264234054993e-05,False,0.4156538235511973,0.03411117264887325,True
42,k_proj,0,3,1,1.9224264234054993e-05,False,0.16953992885785663,0.10597336745005491,True
42,k_proj,0,5,-1,4.285707887656898e-05,False,0.45731275870610855,0.06344286468713752,True
42,k_proj,0,5,1,4.285707887656898e-05,False,0.4987704373792891,0.06954561178987809,True
42,k_proj,1,1,-1,0.00035048060201927874,True,1.0142965053305188,0.003496744156422296,True
42,k_proj,1,1,1,0.00035048060201927874,True,1.0426480930960382,0.013295949494536701,True
42,k_proj,1,3,-1,-6.189044390532867e-07,False,0.613473886355798,0.8110168761985854,True
42,k_proj,1,3,1,-6.189044390532867e-07,False,0.9637875696228221,1.6476509921226021,False
42,k_proj,1,5,-1,-0.0002677552249763901,True,1.0464344276575812,0.0013532705830603565,True
42,k_proj,1,5,1,-0.0002677552249763901,True,0.8874139308908091,0.016298072978737477,True
42,v_proj,0,1,-1,-0.005959025533247923,True,2.026916393618391,0.0001107808638182796,True
42,v_proj,0,1,1,-0.005959025533247923,True,2.046378866952589,4.31057688162668e-07,True
42,v_proj,0,3,-1,0.013697120725384041,True,2.039670099780859,8.047208603796184e-06,True
42,v_proj,0,3,1,0.013697120725384041,True,2.0477509423360374,6.991117123198855e-05,True
42,v_proj,0,5,-1,-0.013698414594386627,True,2.0689019805804154,4.9749636413187856e-05,True
42,v_proj,0,5,1,-0.013698414594386627,True,2.054931296821684,1.042954758530136e-05,True
42,v_proj,1,1,-1,-0.015397115810905828,True,1.9906153731483023,0.0005194887835483331,True
42,v_proj,1,1,1,-0.015397115810905828,True,2.021027778617231,0.0005505043325654498,True
42,v_proj,1,3,-1,0.01257879384825914,True,2.0129369405898623,0.00011743749008391038,True
42,v_proj,1,3,1,0.01257879384825914,True,2.063407672179158,0.0001981811167889415,True
42,v_proj,1,5,-1,0.020234815811214724,True,1.9891789861748732,0.00011889508479091446,True
42,v_proj,1,5,1,0.020234815811214724,True,2.0430739006077796,6.448034599147205e-05,True
123,k_proj,0,1,-1,-0.00010674914584862558,True,0.33771095368359555,0.01681324211542191,True
123,k_proj,0,1,1,-0.00010674914584862558,True,0.9080213446124415,0.01591644254627255,True
123,k_proj,0,3,-1,-0.00016164735602324873,True,0.8300927104199759,0.010313399249798754,True
123,k_proj,0,3,1,-0.00016164735602324873,True,0.7154129496623923,0.016139440760416686,True
123,k_proj,0,5,-1,1.1944418215248395e-05,False,0.08507375099876896,0.004949258374182408,True
123,k_proj,0,5,1,1.1944418215248395e-05,False,0.9877917854705031,0.41973084827171725,True
123,k_proj,1,1,-1,-0.0002280052288241756,True,0.8206579558881201,0.007207633222571872,True
123,k_proj,1,1,1,-0.0002280052288241756,True,0.702545798331887,0.0007911067175550558,True
123,k_proj,1,3,-1,3.9958868407328035e-05,False,-0.5501815979491812,0.12345354573231283,True
123,k_proj,1,3,1,3.9958868407328035e-05,False,-0.10317146819684866,0.07564760380581981,True
123,k_proj,1,5,-1,-3.088826239017526e-05,False,0.7008223382442224,0.043286188406347154,True
123,k_proj,1,5,1,-3.088826239017526e-05,False,1.6805941013418328,0.008967555899802164,True
123,v_proj,0,1,-1,-0.022164680177863334,True,1.9978487757842,5.5507384616264987e-05,True
123,v_proj,0,1,1,-0.022164680177863334,True,2.044570772238903,8.914092831851183e-05,True
123,v_proj,0,3,-1,0.011797479236346765,True,1.3999663569564407,0.00015808981191222946,True
123,v_proj,0,3,1,0.011797479236346765,True,1.4467931816537973,0.00026588896406990836,True
123,v_proj,0,5,-1,0.0021167487351551814,True,1.9432005336202522,0.0022131052193561924,True
123,v_proj,0,5,1,0.0021167487351551814,True,1.8464977235182853,0.0013405721264141159,True
123,v_proj,1,1,-1,-0.034549638318629894,True,2.0386564064651664,0.00024549858352884544,True
123,v_proj,1,1,1,-0.034549638318629894,True,1.9552433777194604,0.00033457594693668937,True
123,v_proj,1,3,-1,-0.006982930342062977,True,1.5305629726055503,0.0005790908950939026,True
123,v_proj,1,3,1,-0.006982930342062977,True,1.6238241126590123,0.0007152091934883464,True
123,v_proj,1,5,-1,-0.012795699191428016,True,1.7616068230875173,0.0002903155088112302,True
123,v_proj,1,5,1,-0.012795699191428016,True,2.3732692357006906,0.00017388668230103766,True
999,k_proj,0,1,-1,3.178418130872142e-05,False,0.07580591595642008,0.13515809348879657,True
999,k_proj,0,1,1,3.178418130872142e-05,False,-0.26767276112582533,0.021993508673344826,True
999,k_proj,0,3,-1,-1.4975992212235467e-06,False,0.7275030290225353,0.5060029062964937,True
999,k_proj,0,3,1,-1.4975992212235467e-06,False,0.87739764028492,1.9874681541961396,False
999,k_proj,0,5,-1,-5.7622220195821244e-05,False,-0.0888764572640177,0.005921305028298016,True
999,k_proj,0,5,1,-5.7622220195821244e-05,False,0.7561256180302324,0.11562501669666356,True
999,k_proj,1,1,-1,4.466559087831945e-06,False,-0.16796371867988258,0.4392559228861367,True
999,k_proj,1,1,1,4.466559087831945e-06,False,-0.012000446454774646,0.038911863262484775,True
999,k_proj,1,3,-1,9.404341550474107e-05,False,0.507104209873425,0.03554201163513157,True
999,k_proj,1,3,1,9.404341550474107e-05,False,0.32859283662506356,0.016553801264060385,True
999,k_proj,1,5,-1,-2.8706281638270013e-05,False,0.3444790818007199,0.05375334631182807,True
999,k_proj,1,5,1,-2.8706281638270013e-05,False,-0.07730271543253925,0.4405102970150146,True
999,v_proj,0,1,-1,0.009150362719776433,True,1.9615704883509506,0.0006825061200470414,True
999,v_proj,0,1,1,0.009150362719776433,True,2.019249593904672,0.0005108918610127705,True
999,v_proj,0,3,-1,-0.015086395375410767,True,1.9805689220900495,0.00014864605589246129,True
999,v_proj,0,3,1,-0.015086395375410767,True,2.014365210288787,0.00017229340337900068,True
999,v_proj,0,5,-1,-0.0032453130810310795,True,2.070994735435783,5.427594391411294e-05,True
999,v_proj,0,5,1,-0.0032453130810310795,True,1.9219548085045945,2.193062769154757e-05,True
999,v_proj,1,1,-1,-0.004031172572853086,True,1.9897544326581038,0.004526002525770627,True
999,v_proj,1,1,1,-0.004031172572853086,True,2.000279054969488,0.003908133308104495,True
999,v_proj,1,3,-1,-0.006549543841972868,True,2.0237587529400978,0.00097195471206142,True
999,v_proj,1,3,1,-0.006549543841972868,True,2.2690537436331812,0.0003841885986813261,True
999,v_proj,1,5,-1,0.009975385004576332,True,1.9485278111458544,3.106804473914186e-05,True
999,v_proj,1,5,1,0.009975385004576332,True,1.9950141758232751,0.00016536717427868768,True
