seed,layer,projection,kv_head,query_group_start,query_group_end,source_position,sign,epsilon,alpha,linear_effect_full,predicted_delta,exact_delta,absolute_error,relative_error,sign_agreement
42,0,k_proj,0,0,1,1,-1,0.1,-0.1,-6.346157406718507e-05,6.346157406718508e-06,6.352982702115262e-06,6.825295396754092e-09,0.001074345030796569,True
42,0,k_proj,0,0,1,1,-1,0.03,-0.03,-6.346157406718507e-05,1.903847222015552e-06,1.90987023011846e-06,6.0230081029079945e-09,0.0031536216481757593,True
42,0,k_proj,0,0,1,1,-1,0.01,-0.01,-6.346157406718507e-05,6.346157406718507e-07,6.366162976501055e-07,2.0005569782548116e-09,0.0031424847048988833,True
42,0,k_proj,0,0,1,1,-1,0.003,-0.003,-6.346157406718507e-05,1.9038472220155521e-07,1.8454713565652092e-07,5.837586545034291e-09,0.03163195421195377,True
42,0,k_proj,0,0,1,1,-1,0.001,-0.001,-6.346157406718507e-05,6.346157406718507e-08,6.683171682730915e-08,3.37014276012408e-09,0.05042729590251905,True
42,0,k_proj,0,0,1,1,1,0.1,0.1,-6.346157406718507e-05,-6.346157406718508e-06,-6.33553990496416e-06,1.0617501754347438e-08,0.0016758637643538765,True
42,0,k_proj,0,0,1,1,1,0.03,0.03,-6.346157406718507e-05,-1.903847222015552e-06,-1.9034764975056628e-06,3.707245098891927e-10,0.000194761800513426,True
42,0,k_proj,0,0,1,1,1,0.01,0.01,-6.346157406718507e-05,-6.346157406718507e-07,-6.264240803854904e-07,8.191660286360355e-09,0.013076860457406669,True
42,0,k_proj,0,0,1,1,1,0.003,0.003,-6.346157406718507e-05,-1.9038472220155521e-07,-1.8180219661656505e-07,8.582525584990165e-09,0.04720804118275522,True
42,0,k_proj,0,0,1,1,1,0.001,0.001,-6.346157406718507e-05,-6.346157406718507e-08,-6.078429530542717e-08,2.6772787617578994e-09,0.044045567170026174,True
42,0,k_proj,0,0,1,3,-1,0.1,-0.1,1.9224265073340625e-05,-1.9224265073340627e-06,-1.925583987538726e-06,3.1574802046632247e-09,0.0016397520051561624,True
42,0,k_proj,0,0,1,3,-1,0.03,-0.03,1.9224265073340625e-05,-5.767279522002187e-07,-5.73434707662468e-07,3.293244537750712e-09,0.005743015715207046,True
42,0,k_proj,0,0,1,3,-1,0.01,-0.01,1.9224265073340625e-05,-1.9224265073340624e-07,-1.9453385964596226e-07,2.2912089125560186e-09,0.011777944038769679,True
42,0,k_proj,0,0,1,3,-1,0.003,-0.003,1.9224265073340625e-05,-5.767279522002188e-08,-5.469727877571717e-08,2.9755164443047045e-09,0.05439971623644435,True
42,0,k_proj,0,0,1,3,-1,0.001,-0.001,1.9224265073340625e-05,-1.9224265073340625e-08,-1.1647688577531845e-08,7.57657649580878e-09,0.6504789723193529,True
42,0,k_proj,0,0,1,3,1,0.1,0.1,1.9224265073340625e-05,1.9224265073340627e-06,1.9189846174605396e-06,3.441889873523115e-09,0.0017935995120575224,True
42,0,k_proj,0,0,1,3,1,0.03,0.03,1.9224265073340625e-05,5.767279522002187e-07,5.867834377837333e-07,1.005548558351465e-08,0.01713662134278018,True
42,0,k_proj,0,0,1,3,1,0.01,0.01,1.9224265073340625e-05,1.9224265073340624e-07,1.9038448134667263e-07,1.8581693867336114e-09,0.00976008849875771,True
42,0,k_proj,0,0,1,3,1,0.003,0.003,1.9224265073340625e-05,5.767279522002188e-08,6.226848851820233e-08,4.595693298180448e-09,0.07380447811635953,True
42,0,k_proj,0,0,1,3,1,0.001,0.001,1.9224265073340625e-05,1.9224265073340625e-08,2.658825828949496e-08,7.3639932161543346e-09,0.2769641070872195,True
42,0,k_proj,0,0,1,5,-1,0.1,-0.1,4.285707255995391e-05,-4.285707255995391e-06,-4.283819427103319e-06,1.8878288920716295e-09,0.00044068825126650186,True
42,0,k_proj,0,0,1,5,-1,0.03,-0.03,4.285707255995391e-05,-1.2857121767986171e-06,-1.290410133400477e-06,4.6979566018598225e-09,0.0036406693347019914,True
42,0,k_proj,0,0,1,5,-1,0.01,-0.01,4.285707255995391e-05,-4.285707255995391e-07,-4.336585244790747e-07,5.0877988795356205e-09,0.011732269959750605,True
42,0,k_proj,0,0,1,5,-1,0.003,-0.003,4.285707255995391e-05,-1.2857121767986172e-07,-1.2354569750572253e-07,5.025520174139188e-09,0.04067741957510427,True
42,0,k_proj,0,0,1,5,-1,0.001,-0.001,4.285707255995391e-05,-4.285707255995391e-08,-4.3996351395403366e-08,1.1392788354494578e-09,0.025894848079799793,True
42,0,k_proj,0,0,1,5,1,0.1,0.1,4.285707255995391e-05,4.285707255995391e-06,4.290387157185327e-06,4.679901189936098e-09,0.001090787618571539,True
42,0,k_proj,0,0,1,5,1,0.03,0.03,4.285707255995391e-05,1.2857121767986171e-06,1.2921107472863014e-06,6.398570487684254e-09,0.004952029461191751,True
42,0,k_proj,0,0,1,5,1,0.01,0.01,4.285707255995391e-05,4.285707255995391e-07,4.3448303974069624e-07,5.912314141157148e-09,0.013607698345798896,True
42,0,k_proj,0,0,1,5,1,0.003,0.003,4.285707255995391e-05,1.2857121767986172e-07,1.3154287949179722e-07,2.971661811935498e-09,0.022590822273438265,True
42,0,k_proj,0,0,1,5,1,0.001,0.001,4.285707255995391e-05,4.285707255995391e-08,4.489000078600203e-08,2.0329282260481187e-09,0.0452868832802971,True
42,0,k_proj,1,2,3,1,-1,0.1,-0.1,0.00035048065495576586,-3.504806549557659e-05,-3.5008834914557196e-05,3.923058101939055e-08,0.0011205908769925355,True
42,0,k_proj,1,2,3,1,-1,0.03,-0.03,0.00035048065495576586,-1.0514419648672975e-05,-1.0510042276506981e-05,4.37737216599388e-09,0.00041649424910293533,True
42,0,k_proj,1,2,3,1,-1,0.01,-0.01,0.00035048065495576586,-3.5048065495576588e-06,-3.505245601054252e-06,4.390514965933093e-10,0.00012525555882910412,True
42,0,k_proj,1,2,3,1,-1,0.003,-0.003,0.00035048065495576586,-1.0514419648672975e-06,-1.0527084709638368e-06,1.2665060965392455e-09,0.0012030929088845085,True
42,0,k_proj,1,2,3,1,-1,0.001,-0.001,0.00035048065495576586,-3.5048065495576587e-07,-3.457160069053611e-07,4.764648050404784e-09,0.013781971199583751,True
42,0,k_proj,1,2,3,1,1,0.1,0.1,0.00035048065495576586,3.504806549557659e-05,3.509117471001133e-05,4.310921443474329e-08,0.001228491630473814,True
42,0,k_proj,1,2,3,1,1,0.03,0.03,0.00035048065495576586,1.0514419648672975e-05,1.0518092131026058e-05,3.6724823530827024e-09,0.00034915860284677366,True
42,0,k_proj,1,2,3,1,1,0.01,0.01,0.00035048065495576586,3.5048065495576588e-06,3.5052966024518017e-06,4.900528941429641e-10,0.0001398035458112713,True
42,0,k_proj,1,2,3,1,1,0.003,0.003,0.00035048065495576586,1.0514419648672975e-06,1.0606828702852678e-06,9.240905417970204e-09,0.008712222735797446,True
42,0,k_proj,1,2,3,1,1,0.001,0.001,0.00035048065495576586,3.5048065495576587e-07,3.4837073305260535e-07,2.109921903160515e-09,0.006056541790041555,True
42,0,k_proj,1,2,3,3,-1,0.1,-0.1,-6.188971742129596e-07,6.188971742129596e-08,7.187754251514189e-08,9.987825093845927e-09,0.1389561293326336,True
42,0,k_proj,1,2,3,3,-1,0.03,-0.03,-6.188971742129596e-07,1.8566915226388788e-08,2.4587563846045768e-08,6.02064861965698e-09,0.24486560186910242,True
42,0,k_proj,1,2,3,3,-1,0.01,-0.01,-6.188971742129596e-07,6.188971742129596e-09,1.3791794289952364e-08,7.602822547822769e-09,0.5512569567080622,True
42,0,k_proj,1,2,3,3,-1,0.003,-0.003,-6.188971742129596e-07,1.8566915226388787e-09,8.999478884330614e-09,7.1427873616917354e-09,0.7936889961626951,True
42,0,k_proj,1,2,3,3,-1,0.001,-0.001,-6.188971742129596e-07,6.188971742129596e-10,5.0769445592013795e-09,4.45804738498842e-09,0.878096526957089,True
42,0,k_proj,1,2,3,3,1,0.1,0.1,-6.188971742129596e-07,-6.188971742129596e-08,-4.931523518714176e-08,1.2574482234154204e-08,0.2549816945298239,True
42,0,k_proj,1,2,3,3,1,0.03,0.03,-6.188971742129596e-07,-1.8566915226388788e-08,-1.3636018994511723e-08,4.9308962318770655e-09,0.3616081961943344,True
42,0,k_proj,1,2,3,3,1,0.01,0.01,-6.188971742129596e-07,-6.188971742129596e-09,-4.331571656912558e-09,1.8574000852170374e-09,0.4288051156334669,True
42,0,k_proj,1,2,3,3,1,0.003,0.003,-6.188971742129596e-07,-1.8566915226388787e-09,-4.457298183324632e-09,2.600606660685753e-09,0.5834491105878853,True
42,0,k_proj,1,2,3,3,1,0.001,0.001,-6.188971742129596e-07,-6.188971742129596e-10,4.6918927631978136e-09,5.310789937410773e-09,1.131907783372087,False
42,0,k_proj,1,2,3,5,-1,0.1,-0.1,-0.0002677552295884464,2.6775522958844642e-05,2.6747399180404585e-05,2.812377844005676e-08,0.0010514584334113699,True
42,0,k_proj,1,2,3,5,-1,0.03,-0.03,-0.0002677552295884464,8.032656887653391e-06,8.03516443195762e-06,2.507544304228637e-09,0.000312071311727683,True
42,0,k_proj,1,2,3,5,-1,0.01,-0.01,-0.0002677552295884464,2.677552295884464e-06,2.6810087964956875e-06,3.4565006112234368e-09,0.0012892537375264806,True
42,0,k_proj,1,2,3,5,-1,0.003,-0.003,-0.0002677552295884464,8.032656887653392e-07,8.023433604592567e-07,9.223283060825142e-10,0.001149543140177017,True
42,0,k_proj,1,2,3,5,-1,0.001,-0.001,-0.0002677552295884464,2.677552295884464e-07,2.6476439037026456e-07,2.9908392181818452e-09,0.011296229126580248,True
42,0,k_proj,1,2,3,5,1,0.1,0.1,-0.0002677552295884464,-2.6775522958844642e-05,-2.680800674215167e-05,3.2483783307026833e-08,0.0012117194545445571,True
42,0,k_proj,1,2,3,5,1,0.03,0.03,-0.0002677552295884464,-8.032656887653391e-06,-8.034370570994542e-06,1.7136833411510952e-09,0.00021329403790980048,True
42,0,k_proj,1,2,3,5,1,0.01,0.01,-0.0002677552295884464,-2.677552295884464e-06,-2.6664492211864177e-06,1.1103074698046331e-08,0.00416399255227748,True
42,0,k_proj,1,2,3,5,1,0.003,0.003,-0.0002677552295884464,-8.032656887653392e-07,-7.924010763937783e-07,1.0864612371560883e-08,0.013711001530949193,True
42,0,k_proj,1,2,3,5,1,0.001,0.001,-0.0002677552295884464,-2.677552295884464e-07,-2.5070985179564964e-07,1.7045377792796762e-08,0.06798846423749726,True
42,0,v_proj,0,0,1,1,-1,0.1,-0.1,-0.005959025728101353,0.0005959025728101354,0.000588898209150604,7.0043636595314325e-06,0.011894014195821992,True
42,0,v_proj,0,0,1,1,-1,0.03,-0.03,-0.005959025728101353,0.0001787707718430406,0.00017814112694562734,6.296448974132593e-07,0.0035345285404276188,True
42,0,v_proj,0,0,1,1,-1,0.01,-0.01,-0.005959025728101353,5.9590257281013534e-05,5.9519899195351056e-05,7.035808566247854e-08,0.0011820934950100524,True
42,0,v_proj,0,0,1,1,-1,0.003,-0.003,-0.005959025728101353,1.787707718430406e-05,1.7868602083123686e-05,8.475101180375875e-09,0.0004743012990579903,True
42,0,v_proj,0,0,1,1,-1,0.001,-0.001,-0.005959025728101353,5.959025728101354e-06,5.955618116226802e-06,3.4076118745517952e-09,0.0005721676252658552,True
42,0,v_proj,0,0,1,1,1,0.1,0.1,-0.005959025728101353,-0.0005959025728101354,-0.0006027265579599261,6.823985149790723e-06,0.011321859074682476,True
42,0,v_proj,0,0,1,1,1,0.03,0.03,-0.005959025728101353,-0.0001787707718430406,-0.00017939221615477507,6.214443117344784e-07,0.0034641654195202757,True
42,0,v_proj,0,0,1,1,1,0.01,0.01,-0.005959025728101353,-5.9590257281013534e-05,-5.965493445703185e-05,6.467717601831518e-08,0.0010841882001379238,True
42,0,v_proj,0,0,1,1,1,0.003,0.003,-0.005959025728101353,-1.787707718430406e-05,-1.788055462263738e-05,3.4774383333173637e-09,0.00019448156987897963,True
42,0,v_proj,0,0,1,1,1,0.001,0.001,-0.005959025728101353,-5.959025728101354e-06,-5.961189838296632e-06,2.1641101952785696e-09,0.00036303326248320733,True
42,0,v_proj,0,0,1,3,-1,0.1,-0.1,0.013697120190108821,-0.0013697120190108822,-0.00137753415901265,7.822140001767768e-06,0.0056783637273824855,True
42,0,v_proj,0,0,1,3,-1,0.03,-0.03,0.013697120190108821,-0.0004109136057032646,-0.00041162340616057724,7.098004573126253e-07,0.0017243928471738243,True
42,0,v_proj,0,0,1,3,-1,0.01,-0.01,0.013697120190108821,-0.00013697120190108822,-0.00013704731817060223,7.611626951401309e-08,0.0005554013791007598,True
42,0,v_proj,0,0,1,3,-1,0.003,-0.003,0.013697120190108821,-4.109136057032646e-05,-4.109494049731044e-05,3.5799269839775077e-09,8.711357020243903e-05,True
42,0,v_proj,0,0,1,3,-1,0.001,-0.001,0.013697120190108821,-1.3697120190108821e-05,-1.37000103044016e-05,2.890114292778564e-09,0.00021095708897751818,True
42,0,v_proj,0,0,1,3,1,0.1,0.1,0.013697120190108821,0.0013697120190108822,0.0013617510696752322,7.96094933565002e-06,0.005846112048620347,True
42,0,v_proj,0,0,1,3,1,0.03,0.03,0.013697120190108821,0.0004109136057032646,0.00041019824318859477,7.15362514669849e-07,0.0017439433896867043,True
42,0,v_proj,0,0,1,3,1,0.01,0.01,0.013697120190108821,0.00013697120190108822,0.00013689746058594132,7.374131514689317e-08,0.0005386609425132465,True
42,0,v_proj,0,0,1,3,1,0.003,0.003,0.013697120190108821,4.109136057032646e-05,4.108980016886976e-05,1.5604014567006247e-09,3.797539657744084e-05,True
42,0,v_proj,0,0,1,3,1,0.001,0.001,0.013697120190108821,1.3697120190108821e-05,1.3698424725899772e-05,1.3045357909503976e-09,9.523254075221486e-05,True
42,0,v_proj,0,0,1,5,-1,0.1,-0.1,-0.013698414232296997,0.0013698414232296997,0.0013632523011006675,6.589122129032135e-06,0.00483338419727015,True
42,0,v_proj,0,0,1,5,-1,0.03,-0.03,-0.013698414232296997,0.0004109524269689099,0.00041036190196075406,5.905250081558386e-07,0.0014390346797162345,True
42,0,v_proj,0,0,1,5,-1,0.01,-0.01,-0.013698414232296997,0.00013698414232296997,0.00013692033859533104,6.380372763892944e-08,0.00046599159988569544,True
42,0,v_proj,0,0,1,5,-1,0.003,-0.003,-0.013698414232296997,4.109524269689099e-05,4.108913311628992e-05,6.1095806010692485e-09,0.00014869091016785372,True
42,0,v_proj,0,0,1,5,-1,0.001,-0.001,-0.013698414232296997,1.3698414232296998e-05,1.3702399609877292e-05,3.985377580293891e-09,0.00029085252902864226,True
42,0,v_proj,0,0,1,5,1,0.1,0.1,-0.013698414232296997,-0.0013698414232296997,-0.0013763051966272366,6.46377339753694e-06,0.0046964680605559115,True
42,0,v_proj,0,0,1,5,1,0.03,0.03,-0.013698414232296997,-0.0004109524269689099,-0.00041153660973415607,5.841827652461676e-07,0.0014195159104399904,True
42,0,v_proj,0,0,1,5,1,0.01,0.01,-0.013698414232296997,-0.00013698414232296997,-0.0001370437301782268,5.958785525683047e-08,0.0004348090582424737,True
42,0,v_proj,0,0,1,5,1,0.003,0.003,-0.013698414232296997,-4.109524269689099e-05,-4.1094510308481436e-05,7.323884095556906e-10,1.782204980806242e-05,True
42,0,v_proj,0,0,1,5,1,0.001,0.001,-0.013698414232296997,-1.3698414232296998e-05,-1.3696036381391496e-05,2.377850905501178e-09,0.00017361598927496366,True
42,0,v_proj,1,2,3,1,-1,0.1,-0.1,-0.015397116886703777,0.0015397116886703777,0.001503654024247028,3.60576644233496e-05,0.02398002721497446,True
42,0,v_proj,1,2,3,1,-1,0.03,-0.03,-0.015397116886703777,0.00046191350660111327,0.00045863466152125387,3.278845079859394e-06,0.007149143653869796,True
42,0,v_proj,1,2,3,1,-1,0.01,-0.01,-0.015397116886703777,0.00015397116886703776,0.00015360872842321016,3.6244044382760326e-07,0.0023595042257562155,True
42,0,v_proj,1,2,3,1,-1,0.003,-0.003,-0.015397116886703777,4.619135066011133e-05,4.616162383243305e-05,2.972682767828018e-08,0.0006439727464135302,True
42,0,v_proj,1,2,3,1,-1,0.001,-0.001,-0.015397116886703777,1.539711688670378e-05,1.539517607500318e-05,1.940811700597739e-09,0.0001260662230261201,True
42,0,v_proj,1,2,3,1,1,0.1,0.1,-0.015397116886703777,-0.0015397116886703777,-0.0015770103230499238,3.7298634379546135e-05,0.02365148397216,True
42,0,v_proj,1,2,3,1,1,0.03,0.03,-0.015397116886703777,-0.00046191350660111327,-0.0004652255097697816,3.3120031686683423e-06,0.007119134912243523,True
42,0,v_proj,1,2,3,1,1,0.01,0.01,-0.015397116886703777,-0.00015397116886703776,-0.00015433389266145126,3.6272379441349063e-07,0.0023502536491395707,True
42,0,v_proj,1,2,3,1,1,0.003,0.003,-0.015397116886703777,-4.619135066011133e-05,-4.6224892341475976e-05,3.3541681364643956e-08,0.0007256194588158766,True
42,0,v_proj,1,2,3,1,1,0.001,0.001,-0.015397116886703777,-1.539711688670378e-05,-1.5395646492694093e-05,1.4703940096856885e-09,9.55071299138659e-05,True
42,0,v_proj,1,2,3,3,-1,0.1,-0.1,0.012578794518560716,-0.0012578794518560716,-0.001263686849349549,5.807397493477404e-06,0.0045955985824071965,True
42,0,v_proj,1,2,3,3,-1,0.03,-0.03,0.012578794518560716,-0.00037736383555682146,-0.00037788907979366404,5.252442368425822e-07,0.0013899428825235633,True
42,0,v_proj,1,2,3,3,-1,0.01,-0.01,0.012578794518560716,-0.00012578794518560717,-0.00012584454045699855,5.659527139138419e-08,0.0004497236923100606,True
42,0,v_proj,1,2,3,3,-1,0.003,-0.003,0.012578794518560716,-3.773638355568215e-05,-3.774053256422327e-05,4.149008541124029e-09,0.000109935081972244,True
42,0,v_proj,1,2,3,3,-1,0.001,-0.001,0.012578794518560716,-1.2578794518560717e-05,-1.2578037804925057e-05,7.567136356593189e-10,6.016150113358859e-05,True
42,0,v_proj,1,2,3,3,1,0.1,0.1,0.012578794518560716,0.0012578794518560716,0.0012519280952232176,5.951356632854024e-06,0.004753752755898415,True
42,0,v_proj,1,2,3,3,1,0.03,0.03,0.012578794518560716,0.00037736383555682146,0.00037682781596731774,5.360195895037214e-07,0.0014224522893241257,True
42,0,v_proj,1,2,3,3,1,0.01,0.01,0.012578794518560716,0.00012578794518560717,0.0001257291909486924,5.8754236914777564e-08,0.0004673078421283567,True
42,0,v_proj,1,2,3,3,1,0.003,0.003,0.012578794518560716,3.773638355568215e-05,3.7729688438764564e-05,6.695116917584802e-09,0.00017744956808882754,True
42,0,v_proj,1,2,3,3,1,0.001,0.001,0.012578794518560716,1.2578794518560717e-05,1.2577571868344073e-05,1.2226502166438018e-09,9.720876409547978e-05,True
42,0,v_proj,1,2,3,5,-1,0.1,-0.1,0.020234815909033928,-0.0020234815909033928,-0.0020324647439359245,8.983153032531693e-06,0.004419832156662933,True
42,0,v_proj,1,2,3,5,-1,0.03,-0.03,0.020234815909033928,-0.0006070444772710178,-0.0006078615798970483,8.171026260304654e-07,0.0013442248252782413,True
42,0,v_proj,1,2,3,5,-1,0.01,-0.01,0.020234815909033928,-0.00020234815909033927,-0.00020243895088457864,9.079179423936699e-08,0.00044848974884844316,True
42,0,v_proj,1,2,3,5,-1,0.003,-0.003,0.020234815909033928,-6.0704447727101786e-05,-6.0714763045727205e-05,1.031531862541907e-08,0.00016989802986878345,True
42,0,v_proj,1,2,3,5,-1,0.001,-0.001,0.020234815909033928,-2.023481590903393e-05,-2.0235669942053613e-05,8.540330196849162e-10,4.220433630962083e-05,True
42,0,v_proj,1,2,3,5,1,0.1,0.1,0.020234815909033928,0.0020234815909033928,0.0020142052222484608,9.276368654932005e-06,0.004605473440574629,True
42,0,v_proj,1,2,3,5,1,0.03,0.03,0.020234815909033928,0.0006070444772710178,0.0006062192957034113,8.251815676065238e-07,0.001361193174573972,True
42,0,v_proj,1,2,3,5,1,0.01,0.01,0.020234815909033928,0.00020234815909033927,0.00020225969210446726,8.846698587201287e-08,0.0004373930611261863,True
42,0,v_proj,1,2,3,5,1,0.003,0.003,0.020234815909033928,6.0704447727101786e-05,6.070088643744809e-05,3.5612896536984487e-09,5.866948347399073e-05,True
42,0,v_proj,1,2,3,5,1,0.001,0.001,0.020234815909033928,2.023481590903393e-05,2.0236070856646804e-05,1.2549476128753873e-09,6.201537945609551e-05,True
123,0,k_proj,0,0,1,1,-1,0.1,-0.1,-0.00010674913791571528,1.067491379157153e-05,1.06769631160325e-05,2.049324460971349e-09,0.00019193889111540418,True
123,0,k_proj,0,0,1,1,-1,0.03,-0.03,-0.00010674913791571528,3.2024741374714585e-06,3.2035138643471406e-06,1.0397268756821162e-09,0.00032455825687334965,True
123,0,k_proj,0,0,1,1,-1,0.01,-0.01,-0.00010674913791571528,1.0674913791571529e-06,1.0659117508082794e-06,1.5796283488735137e-09,0.001481950403188335,True
123,0,k_proj,0,0,1,1,-1,0.003,-0.003,-0.00010674913791571528,3.2024741374714586e-07,3.2135774730157607e-07,1.1103335544302116e-09,0.003455132368065259,True
123,0,k_proj,0,0,1,1,-1,0.001,-0.001,-0.00010674913791571528,1.0674913791571528e-07,1.251527616680237e-07,1.8403623752308412e-08,0.1470492820695822,True
123,0,k_proj,0,0,1,1,1,0.1,0.1,-0.00010674913791571528,-1.067491379157153e-05,-1.066639599150987e-05,8.517800061659962e-09,0.0007985640199782452,True
123,0,k_proj,0,0,1,1,1,0.03,0.03,-0.00010674913791571528,-3.2024741374714585e-06,-3.1984419478214843e-06,4.03218964997419e-09,0.001260673076377261,True
123,0,k_proj,0,0,1,1,1,0.01,0.01,-0.00010674913791571528,-1.0674913791571529e-06,-1.0679163115062673e-06,4.2493234911442005e-10,0.0003979079114496007,True
123,0,k_proj,0,0,1,1,1,0.003,0.003,-0.00010674913791571528,-3.2024741374714586e-07,-3.287190517703431e-07,8.47163802319725e-09,0.02577166725680351,True
123,0,k_proj,0,0,1,1,1,0.001,0.001,-0.00010674913791571528,-1.0674913791571528e-07,-9.954809679357801e-08,7.20104112213727e-09,0.07233730582583894,True
123,0,k_proj,0,0,1,3,-1,0.1,-0.1,-0.00016164735888967618,1.6164735888967618e-05,1.6140768480790713e-05,2.396740817690499e-08,0.0014848988265601382,True
123,0,k_proj,0,0,1,3,-1,0.03,-0.03,-0.00016164735888967618,4.849420766690285e-06,4.843250448513525e-06,6.1703181767598384e-09,0.0012740035317920866,True
123,0,k_proj,0,0,1,3,-1,0.01,-0.01,-0.00016164735888967618,1.6164735888967618e-06,1.6076937310871564e-06,8.779857809605434e-09,0.005461150740239753,True
123,0,k_proj,0,0,1,3,-1,0.003,-0.003,-0.00016164735888967618,4.849420766690285e-07,5.013754511423718e-07,1.6433374473343298e-08,0.03277658376751445,True
123,0,k_proj,0,0,1,3,-1,0.001,-0.001,-0.00016164735888967618,1.6164735888967618e-07,1.7040509490973133e-07,8.757736020055146e-09,0.05139362778263397,True
123,0,k_proj,0,0,1,3,1,0.1,0.1,-0.00016164735888967618,-1.6164735888967618e-05,-1.617859706039282e-05,1.3861171425201069e-08,0.0008567597903241505,True
123,0,k_proj,0,0,1,3,1,0.03,0.03,-0.00016164735888967618,-4.849420766690285e-06,-4.850670446768235e-06,1.249680077949787e-09,0.0002576303815449652,True
123,0,k_proj,0,0,1,3,1,0.01,0.01,-0.00016164735888967618,-1.6164735888967618e-06,-1.6229187078942164e-06,6.445118997454597e-09,0.003971313514413377,True
123,0,k_proj,0,0,1,3,1,0.003,0.003,-0.00016164735888967618,-4.849420766690285e-07,-4.792597235875329e-07,5.682353081495628e-09,0.011856521217681236,True
123,0,k_proj,0,0,1,3,1,0.001,0.001,-0.00016164735888967618,-1.6164735888967618e-07,-1.7133724980467058e-07,9.689890914994398e-09,0.056554490783768,True
123,0,k_proj,0,0,1,5,-1,0.1,-0.1,1.1944417510353414e-05,-1.1944417510353415e-06,-1.19828043503023e-06,3.838683994888584e-09,0.003203493842233802,True
123,0,k_proj,0,0,1,5,-1,0.03,-0.03,1.1944417510353414e-05,-3.583325253106024e-07,-3.507553537757113e-07,7.577171534891063e-09,0.02160244014332635,True
123,0,k_proj,0,0,1,5,-1,0.01,-0.01,1.1944417510353414e-05,-1.1944417510353415e-07,-1.186952916926165e-07,7.48883410917654e-10,0.006309293319376363,True
123,0,k_proj,0,0,1,5,-1,0.003,-0.003,1.1944417510353414e-05,-3.5833252531060245e-08,-3.676068534297361e-08,9.274328119133642e-10,0.025228931486464587,True
123,0,k_proj,0,0,1,5,-1,0.001,-0.001,1.1944417510353414e-05,-1.1944417510353414e-08,1.998636339761717e-09,1.3943053850115131e-08,6.976283565312068,False
123,0,k_proj,0,0,1,5,1,0.1,0.1,1.1944417510353414e-05,1.1944417510353415e-06,1.1991181548126617e-06,4.676403777320218e-09,0.003899869048393161,True
123,0,k_proj,0,0,1,5,1,0.03,0.03,1.1944417510353414e-05,3.583325253106024e-07,3.583814971452881e-07,4.8971834685724817e-11,0.00013664721832966616,True
123,0,k_proj,0,0,1,5,1,0.01,0.01,1.1944417510353414e-05,1.1944417510353415e-07,1.2280900819894303e-07,3.3648330954088717e-09,0.0273989110795362,True
123,0,k_proj,0,0,1,5,1,0.003,0.003,1.1944417510353414e-05,3.5833252531060245e-08,2.342201670113564e-08,1.2411235829924605e-08,0.5298961224514384,True
123,0,k_proj,0,0,1,5,1,0.001,0.001,1.1944417510353414e-05,1.1944417510353414e-08,2.2789324219396612e-08,1.0844906709043197e-08,0.47587662559176735,True
123,0,k_proj,1,2,3,1,-1,0.1,-0.1,-0.00022800526351263216,2.280052635126322e-05,2.2811352884163916e-05,1.082653290069679e-08,0.00047461160921379546,True
123,0,k_proj,1,2,3,1,-1,0.03,-0.03,-0.00022800526351263216,6.8401579053789645e-06,6.834014675924371e-06,6.143229454593094e-09,0.0008989195584017617,True
123,0,k_proj,1,2,3,1,-1,0.01,-0.01,-0.00022800526351263216,2.2800526351263216e-06,2.2862039774085297e-06,6.151342282208015e-09,0.0026906358063381194,True
123,0,k_proj,1,2,3,1,-1,0.003,-0.003,-0.00022800526351263216,6.840157905378964e-07,6.833774635478518e-07,6.383269900446668e-10,0.0009340767351775122,True
123,0,k_proj,1,2,3,1,-1,0.001,-0.001,-0.00022800526351263216,2.2800526351263216e-07,2.3212768938962736e-07,4.122425876995198e-09,0.01775930259692409,True
123,0,k_proj,1,2,3,1,1,0.1,0.1,-0.00022800526351263216,-2.280052635126322e-05,-2.27836806347137e-05,1.6845716549520055e-08,0.0007393764343700273,True
123,0,k_proj,1,2,3,1,1,0.03,0.03,-0.00022800526351263216,-6.8401579053789645e-06,-6.837488177910411e-06,2.669727468553188e-09,0.00039045441821430356,True
123,0,k_proj,1,2,3,1,1,0.01,0.01,-0.00022800526351263216,-2.2800526351263216e-06,-2.2673014329482877e-06,1.2751202178033962e-08,0.005623955417984685,True
123,0,k_proj,1,2,3,1,1,0.003,0.003,-0.00022800526351263216,-6.840157905378964e-07,-6.860103362593684e-07,1.9945457214719094e-09,0.0029074572437897015,True
123,0,k_proj,1,2,3,1,1,0.001,0.001,-0.00022800526351263216,-2.2800526351263216e-07,-2.1475566093498433e-07,1.3249602577647831e-08,0.061696173781696256,True
123,0,k_proj,1,2,3,3,-1,0.1,-0.1,3.995887119885518e-05,-3.9958871198855184e-06,-3.996320489543792e-06,4.3336965827361684e-10,0.00010844216809125061,True
123,0,k_proj,1,2,3,3,-1,0.03,-0.03,3.995887119885518e-05,-1.1987661359656554e-06,-1.198613298378226e-06,1.5283758742934546e-10,0.00012751200711367137,True
123,0,k_proj,1,2,3,3,-1,0.01,-0.01,3.995887119885518e-05,-3.9958871198855185e-07,-3.9278140429033215e-07,6.807307698219705e-09,0.017331033556741267,True
123,0,k_proj,1,2,3,3,-1,0.003,-0.003,3.995887119885518e-05,-1.1987661359656555e-07,-1.0313462946165419e-07,1.6741984134911358e-08,0.16233135487373895,True
123,0,k_proj,1,2,3,3,-1,0.001,-0.001,3.995887119885518e-05,-3.995887119885518e-08,-2.6283963949769173e-08,1.3674907249086008e-08,0.5202756812183994,True
123,0,k_proj,1,2,3,3,1,0.1,0.1,3.995887119885518e-05,3.9958871198855184e-06,3.985806462103447e-06,1.008065778207118e-08,0.0025291388023770903,True
123,0,k_proj,1,2,3,3,1,0.03,0.03,3.995887119885518e-05,1.1987661359656554e-06,1.2026985492658016e-06,3.932413300146152e-09,0.0032696583051062384,True
123,0,k_proj,1,2,3,3,1,0.01,0.01,3.995887119885518e-05,3.9958871198855185e-07,4.0206339729786933e-07,2.474685309317476e-09,0.006154962938553945,True
123,0,k_proj,1,2,3,3,1,0.003,0.003,3.995887119885518e-05,1.1987661359656555e-07,1.1551778555940473e-07,4.358828037160822e-09,0.03773296047922686,True
123,0,k_proj,1,2,3,3,1,0.001,0.001,3.995887119885518e-05,3.995887119885518e-08,5.8909948211227636e-08,1.8951077012372455e-08,0.3216956997555223,True
123,0,k_proj,1,2,3,5,-1,0.1,-0.1,-3.0888263155237936e-05,3.088826315523794e-06,3.102363127935326e-06,1.3536812411531888e-08,0.004363387473774181,True
123,0,k_proj,1,2,3,5,-1,0.03,-0.03,-3.0888263155237936e-05,9.26647894657138e-07,9.208248992337298e-07,5.822995423408259e-09,0.006323672859252504,True
123,0,k_proj,1,2,3,5,-1,0.01,-0.01,-3.0888263155237936e-05,3.0888263155237937e-07,3.1457940748158553e-07,5.69677592920616e-09,0.01810918259021653,True
123,0,k_proj,1,2,3,5,-1,0.003,-0.003,-3.0888263155237936e-05,9.266478946571381e-08,9.568116168812146e-08,3.016372222407656e-09,0.031525246654505554,True
123,0,k_proj,1,2,3,5,-1,0.001,-0.001,-3.0888263155237936e-05,3.088826315523794e-08,3.592911637650964e-08,5.040853221271702e-09,0.14029994972454704,True
123,0,k_proj,1,2,3,5,1,0.1,0.1,-3.0888263155237936e-05,-3.088826315523794e-06,-3.0840070597559777e-06,4.819255767816319e-09,0.0015626604201735008,True
123,0,k_proj,1,2,3,5,1,0.03,0.03,-3.0888263155237936e-05,-9.26647894657138e-07,-9.270939025224356e-07,4.4600786529757336e-10,0.00048108165104319625,True
123,0,k_proj,1,2,3,5,1,0.01,0.01,-3.0888263155237936e-05,-3.0888263155237937e-07,-3.076596662987541e-07,1.2229652536252912e-09,0.003975058766519385,True
123,0,k_proj,1,2,3,5,1,0.003,0.003,-3.0888263155237936e-05,-9.266478946571381e-08,-1.0025564496640715e-07,7.590855500693346e-09,0.07571499343739525,True
123,0,k_proj,1,2,3,5,1,0.001,0.001,-3.0888263155237936e-05,-3.088826315523794e-08,-4.470795998690047e-08,1.3819696831662532e-08,0.30911043214031086,True
123,0,v_proj,0,0,1,1,-1,0.1,-0.1,-0.022164678676539366,0.0022164678676539367,0.002206572631086673,9.895236567263824e-06,0.004484437279724034,True
123,0,v_proj,0,0,1,1,-1,0.03,-0.03,-0.022164678676539366,0.000664940360296181,0.0006640683422406563,8.720180555247007e-07,0.001313145048568938,True
123,0,v_proj,0,0,1,1,-1,0.01,-0.01,-0.022164678676539366,0.00022164678676539368,0.00022154917387309792,9.76128922957622e-08,0.0004405924454120253,True
123,0,v_proj,0,0,1,1,-1,0.003,-0.003,-0.022164678676539366,6.64940360296181e-05,6.648274977433255e-05,1.1286255285544982e-08,0.00016976216122008755,True
123,0,v_proj,0,0,1,1,-1,0.001,-0.001,-0.022164678676539366,2.216467867653937e-05,2.2161294196479386e-05,3.3844800599820756e-09,0.00015272032535535514,True
123,0,v_proj,0,0,1,1,1,0.1,0.1,-0.022164678676539366,-0.0022164678676539367,-0.0022263515586454924,9.883690991555668e-06,0.004439411625344959,True
123,0,v_proj,0,0,1,1,1,0.03,0.03,-0.022164678676539366,-0.000664940360296181,-0.0006658340340740948,8.936737779138533e-07,0.0013421869898203554,True
123,0,v_proj,0,0,1,1,1,0.01,0.01,-0.022164678676539366,-0.00022164678676539368,-0.00022172828735585182,8.150059045813874e-08,0.00036756965667325255,True
123,0,v_proj,0,0,1,1,1,0.003,0.003,-0.022164678676539366,-6.64940360296181e-05,-6.649164927226281e-05,2.386757355285745e-09,3.5895595633561585e-05,True
123,0,v_proj,0,0,1,1,1,0.001,0.001,-0.022164678676539366,-2.216467867653937e-05,-2.2153071144628833e-05,1.1607531910535351e-08,0.0005239694232350117,True
123,0,v_proj,0,0,1,3,-1,0.1,-0.1,0.01179747956574297,-0.001179747956574297,-0.0011795688687128714,1.790878614257082e-07,0.00015182484564985705,True
123,0,v_proj,0,0,1,3,-1,0.03,-0.03,0.01179747956574297,-0.00035392438697228905,-0.0003538988378042063,2.5549168082767467e-08,7.219342183006119e-05,True
123,0,v_proj,0,0,1,3,-1,0.01,-0.01,0.01179747956574297,-0.00011797479565742969,-0.00011795356430240045,2.123135502924236e-08,0.0001799975706949475,True
123,0,v_proj,0,0,1,3,-1,0.003,-0.003,0.01179747956574297,-3.539243869722891e-05,-3.540148548350497e-05,9.046786276058552e-09,0.00025554821083069603,True
123,0,v_proj,0,0,1,3,-1,0.001,-0.001,0.01179747956574297,-1.179747956574297e-05,-1.1787185176262427e-05,1.0294389480542551e-08,0.0008733543527655664,True
123,0,v_proj,0,0,1,3,1,0.1,0.1,0.01179747956574297,0.001179747956574297,0.0011798954699057257,1.4751333142861735e-07,0.00012502237290596915,True
123,0,v_proj,0,0,1,3,1,0.03,0.03,0.01179747956574297,0.00035392438697228905,0.000353937698049242,1.3311076952975901e-08,3.760853118032084e-05,True
123,0,v_proj,0,0,1,3,1,0.01,0.01,0.01179747956574297,0.00011797479565742969,0.00011797997395522619,5.1782977965005635e-09,4.389132852721044e-05,True
123,0,v_proj,0,0,1,3,1,0.003,0.003,0.01179747956574297,3.539243869722891e-05,3.5394422002343884e-05,1.9833051149737574e-09,5.603439759073956e-05,True
123,0,v_proj,0,0,1,3,1,0.001,0.001,0.01179747956574297,1.179747956574297e-05,1.1813996362575185e-05,1.6516796832215922e-08,0.0013980702486534058,True
123,0,v_proj,0,0,1,5,-1,0.1,-0.1,0.0021167487829975734,-0.00021167487829975735,-0.00021036966674010948,1.3052115596478675e-06,0.006204371475571736,True
123,0,v_proj,0,0,1,5,-1,0.03,-0.03,0.0021167487829975734,-6.35024634899272e-05,-6.338002748182414e-05,1.2243600810305855e-07,0.0019317758758967127,True
123,0,v_proj,0,0,1,5,-1,0.01,-0.01,0.0021167487829975734,-2.1167487829975735e-05,-2.1149872044434748e-05,1.7615785540986846e-08,0.0008329027004975266,True
123,0,v_proj,0,0,1,5,-1,0.003,-0.003,0.0021167487829975734,-6.35024634899272e-06,-6.3385285569844685e-06,1.1717792008251358e-08,0.0018486612315313214,True
123,0,v_proj,0,0,1,5,-1,0.001,-0.001,0.0021167487829975734,-2.1167487829975733e-06,-2.1036088827808275e-06,1.313990021674581e-08,0.006246360872642712,True
123,0,v_proj,0,0,1,5,1,0.1,0.1,0.0021167487829975734,0.00021167487829975735,0.0002129800631413964,1.30518484163904e-06,0.006128201965892621,True
123,0,v_proj,0,0,1,5,1,0.03,0.03,0.0021167487829975734,6.35024634899272e-05,6.361030041643345e-05,1.0783692650625165e-07,0.001695274598615045,True
123,0,v_proj,0,0,1,5,1,0.01,0.01,0.0021167487829975734,2.1167487829975735e-05,2.11904601221391e-05,2.2972292163364177e-08,0.001084086519639254,True
123,0,v_proj,0,0,1,5,1,0.003,0.003,0.0021167487829975734,6.35024634899272e-06,6.363992861954659e-06,1.3746512961939452e-08,0.0021600453143370275,True
123,0,v_proj,0,0,1,5,1,0.001,0.001,0.0021167487829975734,2.1167487829975733e-06,2.1136869901433597e-06,3.061792854213581e-09,0.0014485554713122004,True
123,0,v_proj,1,2,3,1,-1,0.1,-0.1,-0.03454963985300885,0.0034549639853008853,0.003418859069468816,3.610491583206938e-05,0.010560515978706006,True
123,0,v_proj,1,2,3,1,-1,0.03,-0.03,-0.03454963985300885,0.0010364891955902656,0.0010333455886674947,3.1436069227708772e-06,0.003042164167773317,True
123,0,v_proj,1,2,3,1,-1,0.01,-0.01,-0.03454963985300885,0.00034549639853008853,0.00034515819457596464,3.3820395412388973e-07,0.000979852019852467,True
123,0,v_proj,1,2,3,1,-1,0.003,-0.003,-0.03454963985300885,0.00010364891955902656,0.00010361697332386677,3.194623515979337e-08,0.0003083108310830672,True
123,0,v_proj,1,2,3,1,-1,0.001,-0.001,-0.03454963985300885,3.454963985300885e-05,3.453571851613768e-05,1.39213368711703e-08,0.00040309967388300335,True
123,0,v_proj,1,2,3,1,1,0.1,0.1,-0.03454963985300885,-0.0034549639853008853,-0.0034875378564188098,3.257387111792447e-05,0.009340076712851244,True
123,0,v_proj,1,2,3,1,1,0.03,0.03,-0.03454963985300885,-0.0010364891955902656,-0.0010395310908634103,3.041895273144749e-06,0.0029262186575085714,True
123,0,v_proj,1,2,3,1,1,0.01,0.01,-0.03454963985300885,-0.00034549639853008853,-0.0003458377973796223,3.413988495337521e-07,0.0009871646538362675,True
123,0,v_proj,1,2,3,1,1,0.003,0.003,-0.03454963985300885,-0.00010364891955902656,-0.00010367601261232484,2.7093053298280346e-08,0.00026132422163639,True
123,0,v_proj,1,2,3,1,1,0.001,0.001,-0.03454963985300885,-3.454963985300885e-05,-3.4538078028292785e-05,1.1561824716066862e-08,0.0003347558803531478,True
123,0,v_proj,1,2,3,3,-1,0.1,-0.1,-0.006982929636778701,0.0006982929636778701,0.0006981815135847363,1.1145009313378359e-07,0.00015962910928643087,True
123,0,v_proj,1,2,3,3,-1,0.03,-0.03,-0.006982929636778701,0.000209487889103361,0.00020948680090809857,1.0881952624425002e-09,5.194576735743314e-06,True
123,0,v_proj,1,2,3,3,-1,0.01,-0.01,-0.006982929636778701,6.982929636778701e-05,6.983157391686479e-05,2.2775490777734476e-09,3.2614889655571756e-05,True
123,0,v_proj,1,2,3,3,-1,0.003,-0.003,-0.006982929636778701,2.0948788910336103e-05,2.0958300818080255e-05,9.511907744152927e-09,0.00045384918494667363,True
123,0,v_proj,1,2,3,3,-1,0.001,-0.001,-0.006982929636778701,6.982929636778701e-06,6.981569178332592e-06,1.3604584461094106e-09,0.0001948642792699977,True
123,0,v_proj,1,2,3,3,1,0.1,0.1,-0.006982929636778701,-0.0006982929636778701,-0.000698405728253193,1.1276457532289567e-07,0.00016145998058311332,True
123,0,v_proj,1,2,3,3,1,0.03,0.03,-0.006982929636778701,-0.000209487889103361,-0.00020949728004385215,9.390940491140224e-09,4.4826073585177354e-05,True
123,0,v_proj,1,2,3,3,1,0.01,0.01,-0.006982929636778701,-6.982929636778701e-05,-6.983413662432769e-05,4.84025654067877e-09,6.931075222876887e-05,True
123,0,v_proj,1,2,3,3,1,0.003,0.003,-0.006982929636778701,-2.0948788910336103e-05,-2.094053445531041e-05,8.254455025691408e-09,0.00039418549910019707,True
123,0,v_proj,1,2,3,3,1,0.001,0.001,-0.006982929636778701,-6.982929636778701e-06,-6.9769080326964605e-06,6.0216040822405915e-09,0.0008630763160444499,True
123,0,v_proj,1,2,3,5,-1,0.1,-0.1,-0.012795700199687957,0.0012795700199687958,0.00127918921636197,3.8080360682574317e-07,0.00029769138291264944,True
123,0,v_proj,1,2,3,5,-1,0.03,-0.03,-0.012795700199687957,0.0003838710059906387,0.000383838684841431,3.2321149207666273e-08,8.420503321862563e-05,True
123,0,v_proj,1,2,3,5,-1,0.01,-0.01,-0.012795700199687957,0.00012795700199687957,0.0001279596782860215,2.6762891419337704e-09,2.0915097457119288e-05,True
123,0,v_proj,1,2,3,5,-1,0.003,-0.003,-0.012795700199687957,3.838710059906387e-05,3.839295973737111e-05,5.85913830724005e-09,0.00015260970624092978,True
123,0,v_proj,1,2,3,5,-1,0.001,-0.001,-0.012795700199687957,1.2795700199687958e-05,1.2797681299581143e-05,1.981099893184687e-09,0.0001548014712047507,True
123,0,v_proj,1,2,3,5,1,0.1,0.1,-0.012795700199687957,-0.0012795700199687958,-0.0012798863759358736,3.163559670778509e-07,0.0002471750407113493,True
123,0,v_proj,1,2,3,5,1,0.03,0.03,-0.012795700199687957,-0.0003838710059906387,-0.0003838990686562821,2.806266564340642e-08,7.309907195563394e-05,True
123,0,v_proj,1,2,3,5,1,0.01,0.01,-0.012795700199687957,-0.00012795700199687957,-0.00012796260394300207,5.601946122501785e-09,4.377799411613286e-05,True
123,0,v_proj,1,2,3,5,1,0.003,0.003,-0.012795700199687957,-3.838710059906387e-05,-3.8389648498296514e-05,2.547899232640757e-09,6.63694337486267e-05,True
123,0,v_proj,1,2,3,5,1,0.001,0.001,-0.012795700199687957,-1.2795700199687958e-05,-1.2799068947008663e-05,3.3687473207045317e-09,0.00026320252939116006,True
999,0,k_proj,0,0,1,1,-1,0.1,-0.1,3.1784187154496456e-05,-3.178418715449646e-06,-3.178730199199231e-06,3.1148374958526136e-10,9.798999287946133e-05,True
999,0,k_proj,0,0,1,1,-1,0.03,-0.03,3.1784187154496456e-05,-9.535256146348937e-07,-9.606262532657617e-07,7.1006386308680106e-09,0.007391676634620963,True
999,0,k_proj,0,0,1,1,-1,0.01,-0.01,3.1784187154496456e-05,-3.1784187154496454e-07,-3.362593035127759e-07,1.841743196781135e-08,0.054771516432144146,True
999,0,k_proj,0,0,1,1,-1,0.003,-0.003,3.1784187154496456e-05,-9.535256146348936e-08,-8.213073737772802e-08,1.3221824085761339e-08,0.16098508923586988,True
999,0,k_proj,0,0,1,1,-1,0.001,-0.001,3.1784187154496456e-05,-3.178418715449646e-08,-2.58118426632592e-08,5.97234449123726e-09,0.2313800130100106,True
999,0,k_proj,0,0,1,1,1,0.1,0.1,3.1784187154496456e-05,3.178418715449646e-06,3.163515792214966e-06,1.4902923234679977e-08,0.0047108736651020645,True
999,0,k_proj,0,0,1,1,1,0.03,0.03,3.1784187154496456e-05,9.535256146348937e-07,9.433670348502066e-07,1.01585797846871e-08,0.010768427779862097,True
999,0,k_proj,0,0,1,1,1,0.01,0.01,3.1784187154496456e-05,3.1784187154496454e-07,3.1782088472098735e-07,2.0986823977186383e-11,6.603349555083696e-05,True
999,0,k_proj,0,0,1,1,1,0.003,0.003,3.1784187154496456e-05,9.535256146348936e-08,8.556932817871399e-08,9.783233284775376e-09,0.11433107508268399,True
999,0,k_proj,0,0,1,1,1,0.001,0.001,3.1784187154496456e-05,3.178418715449646e-08,2.3199446863575446e-08,8.584740290921013e-09,0.3700407316348383,True
999,0,k_proj,0,0,1,3,-1,0.1,-0.1,-1.497604916766881e-06,1.4976049167668813e-07,1.5735962755059063e-07,7.5991358739025e-09,0.04829152173393015,True
999,0,k_proj,0,0,1,3,-1,0.03,-0.03,-1.497604916766881e-06,4.4928147503006434e-08,4.6556634075711756e-08,1.6284865727053222e-09,0.03497861486414653,True
999,0,k_proj,0,0,1,3,-1,0.01,-0.01,-1.497604916766881e-06,1.4976049167668812e-08,-8.797838901841715e-09,2.3773888069510527e-08,2.7022418044656136,False
999,0,k_proj,0,0,1,3,-1,0.003,-0.003,-1.497604916766881e-06,4.4928147503006435e-09,5.873153852142821e-09,1.380339101842177e-09,0.23502519031381414,True
999,0,k_proj,0,0,1,3,-1,0.001,-0.001,-1.497604916766881e-06,1.4976049167668811e-09,-1.1476186195791271e-08,1.2973791112558152e-08,1.13049674266492,False
999,0,k_proj,0,0,1,3,1,0.1,0.1,-1.497604916766881e-06,-1.4976049167668813e-07,-1.4105574749900818e-07,8.704744177679953e-09,0.0617113753393222,True
999,0,k_proj,0,0,1,3,1,0.03,0.03,-1.497604916766881e-06,-4.4928147503006434e-08,-3.790477653975444e-08,7.023370963251997e-09,0.1852898659324875,True
999,0,k_proj,0,0,1,3,1,0.01,0.01,-1.497604916766881e-06,-1.4976049167668812e-08,-2.685474256858278e-08,1.1878693400913967e-08,0.44233130779703644,True
999,0,k_proj,0,0,1,3,1,0.003,0.003,-1.497604916766881e-06,-4.4928147503006435e-09,4.131601782919603e-09,8.624416533220245e-09,2.087426859208534,False
999,0,k_proj,0,0,1,3,1,0.001,0.001,-1.497604916766881e-06,-1.4976049167668811e-09,-7.611369090554376e-09,6.113764173787495e-09,0.8032410596635773,True
999,0,k_proj,0,0,1,5,-1,0.1,-0.1,-5.762221943114194e-05,5.762221943114195e-06,5.732398381835813e-06,2.982356127838197e-08,0.005202632352434464,True
999,0,k_proj,0,0,1,5,-1,0.03,-0.03,-5.762221943114194e-05,1.7286665829342583e-06,1.748100856180379e-06,1.9434273246120773e-08,0.011117363839398197,True
999,0,k_proj,0,0,1,5,-1,0.01,-0.01,-5.762221943114194e-05,5.762221943114194e-07,5.62453903729665e-07,1.3768290581754445e-08,0.02447896705926672,True
999,0,k_proj,0,0,1,5,-1,0.003,-0.003,-5.762221943114194e-05,1.7286665829342583e-07,1.6852723172533501e-07,4.339426568090817e-09,0.025749112019849682,True
999,0,k_proj,0,0,1,5,-1,0.001,-0.001,-5.762221943114194e-05,5.7622219431141946e-08,6.172750977029295e-08,4.1052903391510086e-09,0.06650665731418709,True
999,0,k_proj,0,0,1,5,1,0.1,0.1,-5.762221943114194e-05,-5.762221943114195e-06,-5.77893786518624e-06,1.6715922072045377e-08,0.002892559577902066,True
999,0,k_proj,0,0,1,5,1,0.03,0.03,-5.762221943114194e-05,-1.7286665829342583e-06,-1.7540741969745977e-06,2.5407614040339402e-08,0.014484914084114626,True
999,0,k_proj,0,0,1,5,1,0.01,0.01,-5.762221943114194e-05,-5.762221943114194e-07,-5.820678499746101e-07,5.8456556631907234e-09,0.010042911085787871,True
999,0,k_proj,0,0,1,5,1,0.003,0.003,-5.762221943114194e-05,-1.7286665829342583e-07,-1.9109257873295427e-07,1.8225920439528435e-08,0.09537743726300629,True
999,0,k_proj,0,0,1,5,1,0.001,0.001,-5.762221943114194e-05,-5.7622219431141946e-08,-6.417277192971582e-08,6.550552498573876e-09,0.10207682014652977,True
999,0,k_proj,1,2,3,1,-1,0.1,-0.1,4.466549487628751e-06,-4.466549487628751e-07,-4.657641377303623e-07,1.910918896748721e-08,0.04102760908258205,True
999,0,k_proj,1,2,3,1,-1,0.03,-0.03,4.466549487628751e-06,-1.3399648462886253e-07,-1.361814276346074e-07,2.184943005744863e-09,0.016044353798429487,True
999,0,k_proj,1,2,3,1,-1,0.01,-0.01,4.466549487628751e-06,-4.466549487628751e-08,-8.152511704606624e-08,3.6859622169778734e-08,0.4521259644307041,True
999,0,k_proj,1,2,3,1,-1,0.003,-0.003,4.466549487628751e-06,-1.3399648462886254e-08,-2.145797151076323e-08,8.058323047876976e-09,0.3755398334756365,True
999,0,k_proj,1,2,3,1,-1,0.001,-0.001,4.466549487628751e-06,-4.466549487628751e-09,-1.0097277347576039e-08,5.630727859947288e-09,0.5576481328700954,True
999,0,k_proj,1,2,3,1,1,0.1,0.1,4.466549487628751e-06,4.466549487628751e-07,4.614181745854484e-07,1.4763225822573342e-08,0.031995327960016,True
999,0,k_proj,1,2,3,1,1,0.03,0.03,4.466549487628751e-06,1.3399648462886253e-07,1.3822466465862604e-07,4.2281800297635145e-09,0.030589186381503375,True
999,0,k_proj,1,2,3,1,1,0.01,0.01,4.466549487628751e-06,4.466549487628751e-08,5.402207781113333e-08,9.35658293484582e-09,0.17319924212388468,True
999,0,k_proj,1,2,3,1,1,0.003,0.003,4.466549487628751e-06,1.3399648462886254e-08,1.211885242158317e-08,1.280796041303083e-09,0.10568624790100081,True
999,0,k_proj,1,2,3,1,1,0.001,0.001,4.466549487628751e-06,4.466549487628751e-09,5.297096650203059e-09,8.30547162574308e-10,0.1567929032487013,True
999,0,k_proj,1,2,3,3,-1,0.1,-0.1,9.404341197394693e-05,-9.404341197394694e-06,-9.41807435947406e-06,1.3733162079366339e-08,0.0014581709121410302,True
999,0,k_proj,1,2,3,3,-1,0.03,-0.03,9.404341197394693e-05,-2.821302359218408e-06,-2.8094311423920715e-06,1.1871216826336574e-08,0.004225487732092592,True
999,0,k_proj,1,2,3,3,-1,0.01,-0.01,9.404341197394693e-05,-9.404341197394693e-07,-9.284120258967743e-07,1.202209384269502e-08,0.012949093190690422,True
999,0,k_proj,1,2,3,3,-1,0.003,-0.003,9.404341197394693e-05,-2.821302359218408e-07,-2.722532440047054e-07,9.876991917135376e-09,0.036278693219040835,True
999,0,k_proj,1,2,3,3,-1,0.001,-0.001,9.404341197394693e-05,-9.404341197394694e-08,-8.154843322838445e-08,1.2494978745562483e-08,0.15322156724420516,True
999,0,k_proj,1,2,3,3,1,0.1,0.1,9.404341197394693e-05,9.404341197394694e-06,9.408324481624541e-06,3.983284229847699e-09,0.00042337870442579615,True
999,0,k_proj,1,2,3,3,1,0.03,0.03,9.404341197394693e-05,2.821302359218408e-06,2.8053889580825775e-06,1.5913401135830564e-08,0.005672440211893837,True
999,0,k_proj,1,2,3,3,1,0.01,0.01,9.404341197394693e-05,9.404341197394693e-07,9.30186693309798e-07,1.0247426429671342e-08,0.011016526578346186,True
999,0,k_proj,1,2,3,3,1,0.003,0.003,9.404341197394693e-05,2.821302359218408e-07,2.9133909121292767e-07,9.208855291086886e-09,0.031608718393222816,True
999,0,k_proj,1,2,3,3,1,0.001,0.001,9.404341197394693e-05,9.404341197394694e-08,9.744789089549677e-08,3.4044789215498324e-09,0.03493640437226907,True
999,0,k_proj,1,2,3,5,-1,0.1,-0.1,-2.8706279247041712e-05,2.8706279247041713e-06,2.8715645404020496e-06,9.366156978782903e-10,0.0003261691265163604,True
999,0,k_proj,1,2,3,5,-1,0.03,-0.03,-2.8706279247041712e-05,8.611883774112513e-07,8.723625329887241e-07,1.117415557747281e-08,0.012809073240674405,True
999,0,k_proj,1,2,3,5,-1,0.01,-0.01,-2.8706279247041712e-05,2.870627924704171e-07,2.7934606847135335e-07,7.716723999063758e-09,0.027624244154540876,True
999,0,k_proj,1,2,3,5,-1,0.003,-0.003,-2.8706279247041712e-05,8.611883774112513e-08,8.936447404295222e-08,3.2456363018270927e-09,0.0363190891748225,True
999,0,k_proj,1,2,3,5,-1,0.001,-0.001,-2.8706279247041712e-05,2.8706279247041714e-08,3.357790609448408e-08,4.871626847442364e-09,0.14508429542134665,True
999,0,k_proj,1,2,3,5,1,0.1,0.1,-2.8706279247041712e-05,-2.8706279247041713e-06,-2.869882030520632e-06,7.45894183539425e-10,0.000259904126931695,True
999,0,k_proj,1,2,3,5,1,0.03,0.03,-2.8706279247041712e-05,-8.611883774112513e-07,-8.788631673251057e-07,1.7674789913854404e-08,0.02011096900061146,True
999,0,k_proj,1,2,3,5,1,0.01,0.01,-2.8706279247041712e-05,-2.870627924704171e-07,-2.722565017876377e-07,1.4806290682779389e-08,0.05438360731722182,True
999,0,k_proj,1,2,3,5,1,0.003,0.003,-2.8706279247041712e-05,-8.611883774112513e-08,-9.054897426308273e-08,4.430136521957595e-09,0.04892530874050755,True
999,0,k_proj,1,2,3,5,1,0.001,0.001,-2.8706279247041712e-05,-2.8706279247041714e-08,-3.967260558956909e-08,1.0966326342527374e-08,0.27642062273345347,True
999,0,v_proj,0,0,1,1,-1,0.1,-0.1,0.009150363032703392,-0.0009150363032703392,-0.0009297669459565339,1.4730642686194644e-05,0.015843371019218074,True
999,0,v_proj,0,0,1,1,-1,0.03,-0.03,0.009150363032703392,-0.0002745108909811017,-0.0002758672124720529,1.3563214909512026e-06,0.004916573734142496,True
999,0,v_proj,0,0,1,1,-1,0.01,-0.01,0.009150363032703392,-9.150363032703392e-05,-9.165692824975036e-05,1.532979227164414e-07,0.0016725186589139148,True
999,0,v_proj,0,0,1,1,-1,0.003,-0.003,0.009150363032703392,-2.7451089098110175e-05,-2.7472547808438108e-05,2.1458710327933108e-08,0.0007810964777479478,True
999,0,v_proj,0,0,1,1,-1,0.001,-0.001,0.009150363032703392,-9.150363032703392e-06,-9.15248990773776e-06,2.1268750343680703e-09,0.00023238212287674345,True
999,0,v_proj,0,0,1,1,1,0.1,0.1,0.009150363032703392,0.0009150363032703392,0.000899602629624574,1.5433673645765173e-05,0.017156101080102466,True
999,0,v_proj,0,0,1,1,1,0.03,0.03,0.009150363032703392,0.0002745108909811017,0.00027313874531065263,1.3721456704490916e-06,0.005023621489102508,True
999,0,v_proj,0,0,1,1,1,0.01,0.01,0.009150363032703392,9.150363032703392e-05,9.136243625065821e-05,1.411940763757088e-07,0.0015454281011983366,True
999,0,v_proj,0,0,1,1,1,0.003,0.003,0.009150363032703392,2.7451089098110175e-05,2.743828955387162e-05,1.2799544238555126e-08,0.00046648477170651746,True
999,0,v_proj,0,0,1,1,1,0.001,0.001,0.009150363032703392,9.150363032703392e-06,9.133464279942327e-06,1.6898752761064528e-08,0.0018502018777448194,True
999,0,v_proj,0,0,1,3,-1,0.1,-0.1,-0.015086394920930307,0.0015086394920930308,0.0014980148012701533,1.0624690822877512e-05,0.007092513914995321,True
999,0,v_proj,0,0,1,3,-1,0.03,-0.03,-0.015086394920930307,0.0004525918476279092,0.0004516592679988385,9.325796290706899e-07,0.0020647857691543886,True
999,0,v_proj,0,0,1,3,-1,0.01,-0.01,-0.015086394920930307,0.00015086394920930309,0.00015074325259917254,1.20696610130547e-07,0.0008006767006114708,True
999,0,v_proj,0,0,1,3,-1,0.003,-0.003,-0.015086394920930307,4.5259184762790924e-05,4.526157941003861e-05,2.3946472476859128e-09,5.290684237931833e-05,True
999,0,v_proj,0,0,1,3,-1,0.001,-0.001,-0.015086394920930307,1.5086394920930308e-05,1.5081082817947067e-05,5.312102983240756e-09,0.0003522361787523075,True
999,0,v_proj,0,0,1,3,1,0.1,0.1,-0.015086394920930307,-0.0015086394920930308,-0.0015189719377710909,1.0332445678060045e-05,0.006802262386243731,True
999,0,v_proj,0,0,1,3,1,0.03,0.03,-0.015086394920930307,-0.0004525918476279092,-0.0004535278044971447,9.35956869235516e-07,0.002063725442970958,True
999,0,v_proj,0,0,1,3,1,0.01,0.01,-0.015086394920930307,-0.00015086394920930309,-0.00015096223327284997,9.828406354687991e-08,0.0006510506728476966,True
999,0,v_proj,0,0,1,3,1,0.003,0.003,-0.015086394920930307,-4.5259184762790924e-05,-4.527080340674394e-05,1.161864395301794e-08,0.0002566476200704475,True
999,0,v_proj,0,0,1,3,1,0.001,0.001,-0.015086394920930307,-1.5086394920930308e-05,-1.5090892022229241e-05,4.497101298933266e-09,0.00029800102553970495,True
999,0,v_proj,0,0,1,5,-1,0.1,-0.1,-0.0032453128048155226,0.0003245312804815523,0.0003226257330914972,1.9055473900550664e-06,0.005906371360385719,True
999,0,v_proj,0,0,1,5,-1,0.03,-0.03,-0.0032453128048155226,9.735938414446567e-05,9.718713231243736e-05,1.722518320283051e-07,0.0017723728227163817,True
999,0,v_proj,0,0,1,5,-1,0.01,-0.01,-0.0032453128048155226,3.2453128048155225e-05,3.2441298633723026e-05,1.1829414432199209e-08,0.0003646405948713294,True
999,0,v_proj,0,0,1,5,-1,0.003,-0.003,-0.0032453128048155226,9.735938414446569e-06,9.75171118233753e-06,1.5772767890961684e-08,0.001617435914173668,True
999,0,v_proj,0,0,1,5,-1,0.001,-0.001,-0.0032453128048155226,3.245312804815523e-06,3.2466810891140785e-06,1.368284298555649e-09,0.00042144093029137413,True
999,0,v_proj,0,0,1,5,1,0.1,0.1,-0.0032453128048155226,-0.0003245312804815523,-0.0003263939317117992,1.8626512302469104e-06,0.005706758151041861,True
999,0,v_proj,0,0,1,5,1,0.03,0.03,-0.0032453128048155226,-9.735938414446567e-05,-9.753165932158137e-05,1.7227517711569716e-07,0.0017663513398010742,True
999,0,v_proj,0,0,1,5,1,0.01,0.01,-0.0032453128048155226,-3.2453128048155225e-05,-3.2479260005352506e-05,2.6131957197281003e-08,0.0008045736630999141,True
999,0,v_proj,0,0,1,5,1,0.003,0.003,-0.0032453128048155226,-9.735938414446569e-06,-9.727528964942334e-06,8.409449504234975e-09,0.0008645000734042869,True
999,0,v_proj,0,0,1,5,1,0.001,0.001,-0.0032453128048155226,-3.245312804815523e-06,-3.2519071214154316e-06,6.59431659990875e-09,0.002027830547951964,True
999,0,v_proj,1,2,3,1,-1,0.1,-0.1,-0.004031172675690054,0.0004031172675690054,0.000355176578436478,4.7940689132527415e-05,0.1349770566053849,True
999,0,v_proj,1,2,3,1,-1,0.03,-0.03,-0.004031172675690054,0.00012093518027070161,0.00011660202422197896,4.3331560487226505e-06,0.037161928170933674,True
999,0,v_proj,1,2,3,1,-1,0.01,-0.01,-0.004031172675690054,4.031172675690054e-05,3.982281437253654e-05,4.88912384363996e-07,0.012277193163453817,True
999,0,v_proj,1,2,3,1,-1,0.003,-0.003,-0.004031172675690054,1.2093518027070161e-05,1.2035807021304468e-05,5.7711005765693536e-08,0.0047949427623374015,True
999,0,v_proj,1,2,3,1,-1,0.001,-0.001,-0.004031172675690054,4.031172675690054e-06,4.039210685868877e-06,8.038010178823259e-09,0.0019899952748055768,True
999,0,v_proj,1,2,3,1,1,0.1,0.1,-0.004031172675690054,-0.0004031172675690054,-0.0004519628330100778,4.884556544107238e-05,0.1080742969853524,True
999,0,v_proj,1,2,3,1,1,0.03,0.03,-0.004031172675690054,-0.00012093518027070161,-0.00012531900118495365,4.383820914252037e-06,0.03498129471828553,True
999,0,v_proj,1,2,3,1,1,0.01,0.01,-0.004031172675690054,-4.031172675690054e-05,-4.080749076240675e-05,4.957640055062133e-07,0.012148848072837842,True
999,0,v_proj,1,2,3,1,1,0.003,0.003,-0.004031172675690054,-1.2093518027070161e-05,-1.2146912894417383e-05,5.3394867347221996e-08,0.004395756173715695,True
999,0,v_proj,1,2,3,1,1,0.001,0.001,-0.004031172675690054,-4.031172675690054e-06,-4.038839037490138e-06,7.66636180008466e-09,0.001898159775351874,True
999,0,v_proj,1,2,3,3,-1,0.1,-0.1,-0.0065495442778815355,0.0006549544277881536,0.0006525872178743397,2.3672099138138426e-06,0.0036274230462627075,True
999,0,v_proj,1,2,3,3,-1,0.03,-0.03,-0.0065495442778815355,0.00019648632833644606,0.00019628042940189605,2.0589893455000958e-07,0.0010490038929373802,True
999,0,v_proj,1,2,3,3,-1,0.01,-0.01,-0.0065495442778815355,6.549544277881536e-05,6.547026727718452e-05,2.517550163083388e-08,0.00038453335655782775,True
999,0,v_proj,1,2,3,3,-1,0.003,-0.003,-0.0065495442778815355,1.9648632833644607e-05,1.962933002203071e-05,1.9302811613895705e-08,0.0009833657894707285,True
999,0,v_proj,1,2,3,3,-1,0.001,-0.001,-0.0065495442778815355,6.549544277881535e-06,6.5398639002289816e-06,9.680377652553715e-09,0.0014802108729227185,True
999,0,v_proj,1,2,3,3,1,0.1,0.1,-0.0065495442778815355,-0.0006549544277881536,-0.0006572847599905784,2.3303322024248972e-06,0.003545392110503673,True
999,0,v_proj,1,2,3,3,1,0.03,0.03,-0.0065495442778815355,-0.00019648632833644606,-0.00019671017686345715,2.2384852701109342e-07,0.0011379610886450163,True
999,0,v_proj,1,2,3,3,1,0.01,0.01,-0.0065495442778815355,-6.549544277881536e-05,-6.550190822279811e-05,6.465443982753001e-09,9.8706192814436e-05,True
999,0,v_proj,1,2,3,3,1,0.003,0.003,-0.0065495442778815355,-1.9648632833644607e-05,-1.9651611941895464e-05,2.9791082508571034e-09,0.00015159612655010318,True
999,0,v_proj,1,2,3,3,1,0.001,0.001,-0.0065495442778815355,-6.549544277881535e-06,-6.546122534756282e-06,3.421743125252916e-09,0.0005227129658947501,True
999,0,v_proj,1,2,3,5,-1,0.1,-0.1,0.009975384634827802,-0.0009975384634827802,-0.0010016210255537061,4.082562070925914e-06,0.0040759548439680895,True
999,0,v_proj,1,2,3,5,-1,0.03,-0.03,0.009975384634827802,-0.00029926153904483404,-0.0002996366870491596,3.751480043255335e-07,0.0012520095854082955,True
999,0,v_proj,1,2,3,5,-1,0.01,-0.01,0.009975384634827802,-9.975384634827802e-05,-9.979930809284054e-05,4.54617445625247e-08,0.00045553166080302776,True
999,0,v_proj,1,2,3,5,-1,0.003,-0.003,0.009975384634827802,-2.9926153904483407e-05,-2.9924596225250344e-05,1.557679233063253e-09,5.205347538654121e-05,True
999,0,v_proj,1,2,3,5,-1,0.001,-0.001,0.009975384634827802,-9.975384634827801e-06,-9.974299797127495e-06,1.0848377003063305e-09,0.00010876329390247059,True
999,0,v_proj,1,2,3,5,1,0.1,0.1,0.009975384634827802,0.0009975384634827802,0.0009933390290947641,4.199434388016095e-06,0.004227594270450709,True
999,0,v_proj,1,2,3,5,1,0.03,0.03,0.009975384634827802,0.00029926153904483404,0.00029889497490157013,3.6656414326391266e-07,0.001226397812089771,True
999,0,v_proj,1,2,3,5,1,0.01,0.01,0.009975384634827802,9.975384634827802e-05,9.971333478769884e-05,4.051156057918194e-08,0.00040628026999032493,True
999,0,v_proj,1,2,3,5,1,0.003,0.003,0.009975384634827802,2.9926153904483407e-05,2.9916329133711228e-05,9.82477077217912e-09,0.0003284082993026064,True
999,0,v_proj,1,2,3,5,1,0.001,0.001,0.009975384634827802,9.975384634827801e-06,9.968328207987653e-06,7.056426840147857e-09,0.0007078846816553973,True
